"customerid","customername","countryid"
"JP-15520","Jeremy Pistek",1
"RC-19960","Ryan Crowe",1
"AG-10900","Arthur Gainer",1
"CM-12190","Charlotte Melton",1
"CS-11860","Cari Schnelling",1
"RF-19735","Roland Fjeld",1
"CJ-11875","Carl Jackson",1
"AJ-10780","Anthony Jacobs",1
"MZ-17515","Mary Zewe",1
"SB-20170","Sarah Bern",1
"DB-12970","Darren Budd",1
"DW-13195","David Wiener",1
"GM-14440","Gary McGarr",1
"PT-19090","Pete Takahito",1
"JK-15640","Jim Kriz",1
"MA-17560","Matt Abelman",1
"AF-10885","Art Foster",1
"KB-16315","Karl Braun",1
"MS-17530","MaryBeth Skach",1
"BD-11605","Brian Dahlen",1
"MD-17860","Michael Dominguez",1
"TT-21220","Thomas Thornton",1
"AS-10135","Adrian Shami",1
"HA-14920","Helen Andreada",1
"EM-14095","Eudokia Martin",1
"BT-11305","Beth Thompson",1
"JM-15655","Jim Mitchum",1
"HK-14890","Heather Kirkland",1
"BM-11140","Becky Martin",1
"JF-15490","Jeremy Farry",1
"ML-18040","Michelle Lonsdale",1
"NK-18490","Neil Knudson",1
"JP-16135","Julie Prescott",1
"LP-17095","Liz Preis",1
"JG-15310","Jason Gross",1
"SS-20875","Sung Shariari",1
"KD-16345","Katherine Ducich",1
"RO-19780","Rose O'Brian",1
"TB-21625","Trudy Brown",1
"AI-10855","Arianne Irving",1
"RB-19705","Roger Barcio",1
"AR-10510","Andrew Roberts",1
"PS-18760","Pamela Stobb",1
"CA-12055","Cathy Armstrong",1
"RD-19480","Rick Duston",1
"LE-16810","Laurel Elliston",1
"SJ-20125","Sanjit Jacobs",1
"PP-18955","Paul Prost",1
"RB-19435","Richard Bierner",1
"ME-17725","Max Engle",1
"BP-11155","Becky Pak",1
"CS-12490","Cindy Schnelling",1
"EH-13765","Edward Hooks",1
"TS-21085","Thais Sissman",1
"KB-16600","Ken Brennan",1
"IM-15055","Ionia McGrath",1
"MM-17260","Magdelene Morse",1
"CB-12415","Christy Brittain",1
"CS-12250","Chris Selesnick",1
"CC-12145","Charles Crestani",1
"PC-19000","Pauline Chand",1
"RP-19270","Rachel Payne",1
"SR-20740","Steven Roelle",1
"KW-16570","Kelly Williams",1
"GM-14695","Greg Maxwell",1
"EB-13975","Erica Bern",1
"PF-19225","Phillip Flathmann",1
"EH-13990","Erica Hackney",1
"DR-12940","Daniel Raglin",1
"JO-15145","Jack O'Briant",1
"PW-19240","Pierre Wener",1
"TS-21370","Todd Sumrall",1
"CA-12310","Christine Abelman",1
"BV-11245","Benjamin Venier",1
"JC-16105","Julie Creighton",1
"AR-10540","Andy Reiter",1
"ND-18370","Natalie DeCherney",1
"JG-15160","James Galang",1
"RA-19885","Ruben Ausman",1
"MC-17575","Matt Collins",1
"AA-10315","Alex Avila",1
"BW-11065","Barry Weirich",1
"EM-13810","Eleni McCrary",1
"BN-11470","Brad Norvell",1
"KT-16480","Kean Thornton",1
"JG-15115","Jack Garza",1
"AA-10480","Andrew Allen",1
"JM-16195","Justin MacKendrick",1
"MM-18280","Muhammed MacIntyre",1
"SC-20725","Steven Cartwright",1
"LH-17020","Lisa Hazard",1
"CC-12220","Chris Cortes",1
"DB-13360","Dennis Bolton",1
"DK-12895","Dana Kaydos",1
"CS-11845","Cari Sayre",1
"DS-13030","Darrin Sayre",1
"AB-10165","Alan Barnes",1
"AB-10255","Alejandro Ballentine",1
"RE-19405","Ricardo Emerson",1
"MO-17500","Mary O'Rourke",1
"CJ-12010","Caroline Jumper",1
"SV-20365","Seth Vernon",1
"KB-16585","Ken Black",1
"CM-11815","Candace McMahon",1
"KH-16510","Keith Herrera",1
"PF-19165","Philip Fox",1
"HE-14800","Harold Engle",1
"JC-15775","John Castell",1
"MP-17965","Michael Paige",1
"JA-15970","Joseph Airdo",1
"LW-17125","Liz Willingham",1
"AJ-10945","Ashley Jarboe",1
"LC-16870","Lena Cacioppo",1
"TC-20980","Tamara Chand",1
"AB-10060","Adam Bellavance",1
"DK-12835","Damala Kotsonis",1
"RP-19390","Resi Pˆlking",1
"EM-14140","Eugene Moren",1
"JB-16000","Joy Bell-",1
"DB-12910","Daniel Byrd",1
"KA-16525","Kelly Andreada",1
"CS-12355","Christine Sundaresam",1
"AW-10930","Arthur Wiediger",1
"HZ-14950","Henia Zydlo",1
"BE-11335","Bill Eplett",1
"NB-18655","Nona Balk",1
"DS-13180","David Smith",1
"SL-20155","Sara Luxemburg",1
"JL-15175","James Lanier",1
"SW-20275","Scott Williamson",1
"RB-19570","Rob Beeghly",1
"BF-10975","Barbara Fisher",1
"JD-16150","Justin Deggeller",1
"TB-21400","Tom Boeckenhauer",1
"LS-16975","Lindsay Shagiari",1
"DP-13000","Darren Powers",1
"RB-19330","Randy Bradley",1
"JB-15400","Jennifer Braxton",1
"AG-10495","Andrew Gjertsen",1
"ED-13885","Emily Ducich",1
"FM-14215","Filia McAdams",1
"KB-16240","Karen Bern",1
"Dp-13240","Dean percer",1
"DH-13675","Duane Huffman",1
"TP-21130","Theone Pippenger",1
"BD-11320","Bill Donatelli",1
"DW-13540","Don Weiss",1
"MC-17605","Matt Connell",1
"HF-14995","Herbert Flentye",1
"MP-17470","Mark Packer",1
"PO-18850","Patrick O'Brill",1
"LD-17005","Lisa DeCherney",1
"JH-15910","Jonathan Howell",1
"GT-14635","Grant Thornton",1
"NF-18475","Neil Franzˆsisch",1
"JC-15385","Jenna Caffey",1
"LA-16780","Laura Armstrong",1
"DF-13135","David Flashing",1
"MS-17710","Maurice Satty",1
"KD-16495","Keith Dawkins",1
"JF-15295","Jason Fortune-",1
"SW-20455","Shaun Weien",1
"SV-20785","Stewart Visinsky",1
"MY-18295","Muhammed Yedwab",1
"PM-19135","Peter McVee",1
"CR-12625","Corey Roper",1
"AC-10420","Alyssa Crouse",1
"TB-21175","Thomas Boland",1
"BD-11560","Brendan Dodson",1
"SR-20425","Sharelle Roach",1
"BP-11050","Barry Pond",1
"FG-14260","Frank Gastineau",1
"SM-20905","Susan MacKendrick",1
"DC-13285","Debra Catini",1
"JF-15565","Jill Fjeld",1
"LC-16885","Lena Creighton",1
"EM-13825","Elizabeth Moffitt",1
"RB-19465","Rick Bensley",1
"EB-13705","Ed Braxton",1
"PR-18880","Patrick Ryan",1
"PO-18865","Patrick O'Donnell",1
"VF-21715","Vicky Freymann",1
"VG-21805","Vivek Grady",1
"MB-17305","Maria Bertelson",1
"DL-13315","Delfina Latchford",1
"RF-19840","Roy Franzˆsisch",1
"BP-11095","Bart Pistole",1
"EG-13900","Emily Grady",1
"CP-12085","Cathy Prescott",1
"BD-11770","Bryan Davis",1
"DL-13330","Denise Leinenbach",1
"DV-13045","Darrin Van Huff",1
"BF-11005","Barry Franz",1
"KS-16300","Karen Seio",1
"ML-17395","Marina Lichtenstein",1
"HW-14935","Helen Wasserman",1
"LO-17170","Lori Olson",1
"TB-21595","Troy Blackwell",1
"JE-15745","Joel Eaton",1
"TT-21460","Tonja Turnell",1
"AJ-10960","Astrea Jones",1
"SP-20620","Stefania Perrino",1
"SC-20050","Sample Company A",1
"KD-16270","Karen Daniels",1
"MH-17440","Mark Haberlin",1
"ES-14020","Erica Smith",1
"MW-18235","Mitch Willingham",1
"RF-19345","Randy Ferguson",1
"RD-19810","Ross DeVincentis",1
"ML-17410","Maris LaWare",1
"SM-20320","Sean Miller",1
"CR-12730","Craig Reiter",1
"NP-18700","Nora Preis",1
"CM-12235","Chris McAfee",1
"AS-10630","Ann Steele",1
"JS-15595","Jill Stevenson",1
"SC-20260","Scott Cohen",1
"XP-21865","Xylona Preis",1
"SE-20110","Sanjit Engle",1
"GH-14485","Gene Hale",1
"JL-15130","Jack Lebron",1
"DL-12925","Daniel Lacy",1
"EC-14050","Erin Creighton",1
"TB-21250","Tim Brockman",1
"KC-16255","Karen Carlisle",1
"FP-14320","Frank Preis",1
"AH-10690","Anna H‰berlin",1
"CT-11995","Carol Triggs",1
"EB-14170","Evan Bailliet",1
"JE-15610","Jim Epp",1
"MO-17950","Michael Oakman",1
"AM-10705","Anne McFarland",1
"TH-21235","Tiffany House",1
"MD-17350","Maribeth Dona",1
"PM-18940","Paul MacIntyre",1
"LM-17065","Liz MacKendrick",1
"CA-11965","Carol Adams",1
"RH-19555","Ritsa Hightower",1
"LL-16840","Lauren Leatherbury",1
"MC-18130","Mike Caudle",1
"EN-13780","Edward Nazzal",1
"AP-10915","Arthur Prichep",1
"BH-11710","Brosina Hoffman",1
"MH-17290","Marc Harrigan",1
"JB-16045","Julia Barnett",1
"CD-11920","Carlos Daly",1
"IM-15070","Irene Maddox",1
"GK-14620","Grace Kelly",1
"AB-10015","Aaron Bergman",1
"CB-12535","Claudia Bergmann",1
"FW-14395","Fred Wasserman",1
"BS-11800","Bryan Spruell",1
"EH-14005","Erica Hernandez",1
"LC-17140","Logan Currie",1
"NG-18430","Nathan Gelder",1
"CM-11935","Carlos Meador",1
"TS-21655","Trudy Schmidt",1
"AG-10270","Alejandro Grove",1
"SD-20485","Shirley Daniels",1
"TB-21190","Thomas Brumley",1
"KC-16675","Kimberly Carter",1
"RK-19300","Ralph Kennedy",1
"AC-10450","Amy Cox",1
"CR-12580","Clay Rozendal",1
"MC-18100","Mick Crebagga",1
"PS-19045","Penelope Sewall",1
"EB-13840","Ellis Ballard",1
"VS-21820","Vivek Sundaresam",1
"HR-14830","Harold Ryan",1
"JR-15670","Jim Radford",1
"AH-10030","Aaron Hawkins",1
"TH-21550","Tracy Hopkins",1
"EM-14200","Evan Minnotte",1
"SP-20545","Sibella Parks",1
"TM-21010","Tamara Manning",1
"BD-11620","Brian DeCherney",1
"PF-19120","Peter Fuller",1
"LS-17200","Luke Schmidt",1
"DB-13120","David Bremer",1
"BP-11290","Beth Paige",1
"DP-13165","David Philippe",1
"TH-21115","Thea Hudgings",1
"AA-10645","Anna Andreadi",1
"CD-11980","Carol Darley",1
"KM-16660","Khloe Miller",1
"JS-16030","Joy Smith",1
"SP-20650","Stephanie Phelps",1
"SK-19990","Sally Knutson",1
"DN-13690","Duane Noonan",1
"SC-20695","Steve Chapman",1
"GZ-14470","Gary Zandusky",1
"MF-18250","Monica Federle",1
"RB-19795","Ross Baird",1
"MS-17980","Michael Stewart",1
"MF-17665","Maureen Fritzler",1
"LD-16855","Lela Donovan",1
"GP-14740","Guy Phonely",1
"RP-19855","Roy Phan",1
"JS-15685","Jim Sink",1
"SH-20395","Shahid Hopkins",1
"FA-14230","Frank Atkinson",1
"TN-21040","Tanja Norvell",1
"EB-14110","Eugene Barchas",1
"KN-16705","Kristina Nunn",1
"CC-12685","Craig Carroll",1
"LS-16945","Linda Southworth",1
"PB-18805","Patrick Bzostek",1
"BB-10990","Barry Blumstein",1
"SS-20590","Sonia Sunley",1
"GA-14515","George Ashbrook",1
"JH-16180","Justin Hirsh",1
"GM-14680","Greg Matthias",1
"NB-18580","Nicole Brennan",1
"AS-10285","Alejandro Savely",1
"BN-11515","Bradley Nguyen",1
"JO-15280","Jas O'Carroll",1
"BD-11635","Brian Derr",1
"CK-12595","Clytie Kelty",1
"BM-11785","Bryan Mills",1
"JD-16015","Joy Daniels",1
"SP-20920","Susan Pistek",1
"AG-10300","Aleksandra Gannaway",1
"GH-14410","Gary Hansen",1
"AZ-10750","Annie Zypern",1
"RS-19765","Roland Schwarz",1
"AH-10120","Adrian Hane",1
"AP-10720","Anne Pryor",1
"JW-15220","Jane Waco",1
"NS-18505","Neola Schneider",1
"BD-11500","Bradley Drucker",1
"DB-13405","Denny Blanton",1
"TD-20995","Tamara Dahlen",1
"MK-17905","Michael Kennedy",1
"DB-13060","Dave Brooks",1
"NG-18355","Nat Gilpin",1
"BT-11440","Bobby Trafton",1
"MC-17845","Michael Chen",1
"AG-10525","Andy Gerbode",1
"BT-11680","Brian Thompson",1
"NC-18340","Nat Carroll",1
"LT-16765","Larry Tron",1
"BT-11395","Bill Tyler",1
"NC-18535","Nick Crebassa",1
"CS-12130","Chad Sievert",1
"MA-17995","Michelle Arnett",1
"NP-18685","Nora Pelletier",1
"Co-12640","Corey-Lock",1
"PW-19030","Pauline Webber",1
"RB-19645","Robert Barroso",1
"JM-15535","Jessica Myrick",1
"NM-18520","Neoma Murray",1
"JK-16120","Julie Kriz",1
"MS-17365","Maribeth Schnelling",1
"AO-10810","Anthony O'Donnell",1
"KB-16405","Katrina Bavinger",1
"LH-17155","Logan Haushalter",1
"NM-18445","Nathan Mautz",1
"LH-16750","Larry Hughes",1
"EM-14065","Erin Mull",1
"JC-15340","Jasper Cacioppo",1
"MH-18115","Mick Hernandez",1
"TZ-21580","Tracy Zic",1
"BP-11230","Benjamin Patterson",1
"PO-19195","Phillina Ober",1
"JR-16210","Justin Ritter",1
"LS-17230","Lycoris Saunders",1
"CD-12790","Cynthia Delaney",1
"EA-14035","Erin Ashbrook",1
"BF-11080","Bart Folk",1
"JW-15955","Joni Wasserman",1
"SC-20305","Sean Christensen",1
"MG-17680","Maureen Gastineau",1
"BE-11410","Bobby Elias",1
"AS-10240","Alan Shonely",1
"CD-12280","Christina DeMoss",1
"KN-16390","Katherine Nockton",1
"ST-20530","Shui Tom",1
"TP-21415","Tom Prescott",1
"BT-11485","Brad Thomas",1
"NF-18385","Natalie Fritzler",1
"RM-19375","Raymond Messe",1
"DK-13150","David Kendrick",1
"MG-17875","Michael Grace",1
"MZ-17335","Maria Zettner",1
"HP-14815","Harold Pawlan",1
"AR-10345","Alex Russell",1
"JW-16075","Julia West",1
"SC-20020","Sam Craven",1
"CK-12760","Cyma Kinney",1
"SG-20080","Sandra Glassco",1
"AS-10090","Adam Shillingsburg",1
"KM-16375","Katherine Murray",1
"EM-13960","Eric Murdock",1
"HL-15040","Hunter Lopez",1
"PO-19180","Philisse Overcash",1
"FM-14290","Frank Merwin",1
"DJ-13420","Denny Joy",1
"NP-18325","Naresj Patel",1
"LB-16735","Larry Blacks",1
"GH-14425","Gary Hwang",1
"GZ-14545","George Zrebassa",1
"KM-16225","Kalyca Meade",1
"BW-11110","Bart Watters",1
"JS-15880","John Stevenson",1
"AD-10180","Alan Dominguez",1
"TT-21265","Tim Taslimi",1
"RD-19660","Robert Dilbeck",1
"EB-13870","Emily Burns",1
"TR-21325","Toby Ritter",1
"TT-21070","Ted Trevino",1
"DG-13300","Deirdre Greer",1
"IG-15085","Ivan Gibson",1
"MK-18160","Mike Kennedy",1
"PG-18895","Paul Gonzalez",1
"LW-16990","Lindsay Williams",1
"TC-21535","Tracy Collins",1
"AB-10150","Aimee Bixby",1
"CM-12655","Corinna Mitchell",1
"NC-18415","Nathan Cano",1
"BG-11695","Brooke Gillingham",1
"MP-18175","Mike Pelletier",1
"AB-10105","Adrian Barton",1
"SB-20185","Sarah Brown",1
"JK-15325","Jason Klamczynski",1
"LH-16900","Lena Hernandez",1
"FH-14275","Frank Hawley",1
"NZ-18565","Nick Zandusky",1
"Dl-13600","Dorris liebe",1
"SO-20335","Sean O'Donnell",1
"JK-15205","Jamie Kunitz",1
"EB-13750","Edward Becker",1
"KT-16465","Kean Takahito",1
"RD-19585","Rob Dowd",1
"DL-13495","Dionis Lloyd",1
"PA-19060","Pete Armstrong",1
"SC-20440","Shaun Chance",1
"KH-16690","Kristen Hastings",1
"SB-20290","Sean Braxton",1
"MT-17815","Meg Tillman",1
"RH-19510","Rick Huthwaite",1
"JF-15355","Jay Fein",1
"DV-13465","Dianna Vittorini",1
"SW-20755","Steven Ward",1
"MM-18055","Michelle Moray",1
"DC-12850","Dan Campbell",1
"DM-13015","Darrin Martin",1
"ZC-21910","Zuschuss Carroll",1
"DM-12955","Dario Medina",1
"PB-19210","Phillip Breyer",1
"PS-18970","Paul Stevenson",1
"EH-13945","Eric Hoffmann",1
"MH-17455","Mark Hamilton",1
"DK-13225","Dean Katz",1
"MY-17380","Maribeth Yedwab",1
"PK-19075","Pete Kriz",1
"AY-10555","Andy Yotov",1
"TC-21295","Toby Carlisle",1
"AT-10435","Alyssa Tate",1
"CM-12385","Christopher Martinez",1
"SC-20680","Steve Carroll",1
"AG-10390","Allen Goldenen",1
"BS-11590","Brendan Sweed",1
"GT-14710","Greg Tran",1
"TG-21640","Trudy Glocke",1
"JS-15940","Joni Sundaresam",1
"RS-19420","Ricardo Sperren",1
"SJ-20500","Shirley Jackson",1
"SH-20635","Stefanie Holloman",1
"NH-18610","Nicole Hansen",1
"AH-10075","Adam Hart",1
"LC-16930","Linda Cazamias",1
"ML-17755","Max Ludwig",1
"PL-18925","Paul Lucas",1
"CC-12100","Chad Cunningham",1
"ZD-21925","Zuschuss Donatelli",1
"JL-15235","Janet Lee",1
"RW-19630","Rob Williams",1
"PV-18985","Paul Van Hugh",1
"JK-15730","Joe Kamberova",1
"SV-20815","Stuart Van",1
"GB-14530","George Bell",1
"HR-14770","Hallie Redmond",1
"VG-21790","Vivek Gonzalez",1
"CV-12295","Christina VanderZanden",1
"RW-19690","Robert Waldorf",1
"ML-18265","Muhammed Lee",1
"CH-12070","Cathy Hwang",1
"LS-17245","Lynn Smith",1
"CL-12565","Clay Ludtke",1
"TA-21385","Tom Ashbrook",1
"JL-15850","John Lucas",1
"RR-19525","Rick Reed",1
"LW-17215","Luke Weiss",1
"RD-19720","Roger Demir",1
"MB-18085","Mick Brown",1
"JL-15505","Jeremy Lonsdale",1
"TS-21610","Troy Staebel",1
"RE-19450","Richard Eichhorn",1
"DL-12865","Dan Lawera",1
"MC-17275","Marc Crier",1
"MG-17650","Matthew Grinstein",1
"SS-20515","Shirley Schmidt",1
"KH-16360","Katherine Hughes",1
"PC-18745","Pamela Coakley",1
"JM-15865","John Murray",1
"TS-21430","Tom Stivers",1
"AF-10870","Art Ferguson",1
"TM-21490","Tony Molinari",1
"MG-17890","Michael Granlund",1
"DO-13435","Denny Ordway",1
"RH-19600","Rob Haberlin",1
"SC-20800","Stuart Calhoun",1
"CM-12115","Chad McGuire",1
"PJ-19015","Pauline Johnson",1
"SF-20965","Sylvia Foulston",1
"EH-14185","Evan Henry",1
"MS-17830","Melanie Seite",1
"RD-19900","Ruben Dartt",1
"SM-20950","Suzanne McNair",1
"ES-14080","Erin Smith",1
"BO-11425","Bobby Odegard",1
"TS-21505","Tony Sayre",1
"KL-16645","Ken Lonsdale",1
"NL-18310","Nancy Lomonaco",1
"SS-20410","Shahid Shariari",1
"HG-14965","Henry Goldwyn",1
"CS-11950","Carlos Soltero",1
"DW-13585","Dorothy Wardle",1
"SV-20935","Susan Vittorini",1
"DK-12985","Darren Koutras",1
"PH-18790","Patricia Hirasaki",1
"CS-12175","Charles Sheldon",1
"EP-13915","Emily Phan",1
"BS-11365","Bill Shonely",1
"CV-12805","Cynthia Voltz",1
"BW-11200","Ben Wallace",1
"HJ-14875","Heather Jas",1
"KD-16615","Ken Dana",1
"CC-12475","Cindy Chapman",1
"CS-12460","Chuck Sachs",1
"DJ-13510","Don Jones",1
"BS-11380","Bill Stewart",1
"KF-16285","Karen Ferguson",1
"LF-17185","Luke Foster",1
"TG-21310","Toby Gnade",1
"EB-13930","Eric Barreto",1
"LP-17080","Liz Pelletier",1
"MH-17785","Maya Herman",1
"BM-11575","Brendan Murry",1
"KE-16420","Katrina Edelman",1
"WB-21850","William Brown",1
"RH-19495","Rick Hansen",1
"PG-18820","Patrick Gardner",1
"RM-19750","Roland Murray",1
"ON-18715","Odella Nelson",1
"MC-17635","Matthew Clasen",1
"JF-15190","Jamie Frazer",1
"EK-13795","Eileen Kiefer",1
"RA-19945","Ryan Akin",1
"MG-17695","Maureen Gnade",1
"JH-15820","John Huston",1
"QJ-19255","Quincy Jones",1
"LC-17050","Liz Carlisle",1
"HH-15010","Hilary Holden",1
"RA-19285","Ralph Arnett",1
"GT-14755","Guy Thornton",1
"HA-14905","Helen Abelman",1
"RL-19615","Rob Lucas",1
"ME-17320","Maria Etezadi",1
"DP-13105","Dave Poirier",1
"ND-18460","Neil Ducich",1
"KC-16540","Kelly Collister",1
"RR-19315","Ralph Ritter",1
"GM-14455","Gary Mitchum",1
"BT-11530","Bradley Talbott",1
"HM-14980","Henry MacAllister",1
"NF-18595","Nicole Fjeld",1
"LR-17035","Lisa Ryan",1
"KN-16450","Kean Nguyen",1
"TP-21565","Tracy Poddar",1
"CS-12400","Christopher Schild",1
"PB-19150","Philip Brown",1
"JE-15475","Jeremy Ellison",1
"JB-15925","Joni Blumstein",1
"LT-17110","Liz Thompson",1
"EJ-14155","Eva Jacobs",1
"YC-21895","Yoseph Carroll",1
"BD-11725","Bruce Degenhardt",1
"VP-21760","Victoria Pisteka",1
"AM-10360","Alice McCarthy",1
"CC-12550","Clay Cheatham",1
"MV-17485","Mark Van Huff",1
"GR-14560","Georgia Rosenberg",1
"SJ-20215","Sarah Jordon",1
"MG-18145","Mike Gockenbach",1
"DB-13210","Dean Braden",1
"DW-13480","Dianna Wilson",1
"AG-10765","Anthony Garverick",1
"VD-21670","Valerie Dominguez",1
"MS-17770","Maxwell Schwartz",1
"MG-18205","Mitch Gastineau",1
"AR-10405","Allen Rosenblatt",1
"CM-12715","Craig Molinari",1
"TW-21025","Tamara Willingham",1
"SC-20380","Shahid Collister",1
"CG-12040","Catherine Glotzbach",1
"AS-10045","Aaron Smayling",1
"CB-12025","Cassandra Brandow",1
"CS-12505","Cindy Stewart",1
"AH-10195","Alan Haines",1
"MH-18025","Michelle Huthwaite",1
"DK-13375","Dennis Kane",1
"JK-15625","Jim Karlsson",1
"KL-16555","Kelly Lampkin",1
"RM-19675","Robert Marley",1
"RS-19870","Roy Skaria",1
"TS-21160","Theresa Swint",1
"PB-19105","Peter B¸hler",1
"NP-18670","Nora Paige",1
"JD-16060","Julia Dunbar",1
"AH-10210","Alan Hwang",1
"CL-12700","Craig Leslie",1
"RC-19825","Roy Collins",1
"FM-14380","Fred McMath",1
"BP-11185","Ben Peterman",1
"CC-12430","Chuck Clark",1
"JR-15700","Jocasta Rupert",1
"AT-10735","Annie Thurman",1
"JD-15895","Jonathan Doherty",1
"BO-11350","Bill Overfelt",1
"SG-20470","Sheri Gordon",1
"AC-10660","Anna Chung",1
"HG-14845","Harry Greene",1
"CC-12370","Christopher Conant",1
"JM-15265","Janet Molinari",1
"SZ-20035","Sam Zeldin",1
"BF-11275","Beth Fritzler",1
"JM-15580","Jill Matthias",1
"MW-18220","Mitch Webber",1
"CR-12820","Cyra Reiten",1
"KH-16330","Katharine Harms",1
"DB-13660","Duane Benoit",1
"CK-12205","Chloris Kastensmidt",1
"BM-11650","Brian Moss",1
"JE-15715","Joe Elijah",1
"SN-20710","Steve Nguyen",1
"MM-17920","Michael Moore",1
"TS-21205","Thomas Seio",1
"SF-20200","Sarah Foster",1
"JG-15805","John Grady",1
"JJ-15445","Jennifer Jackson",1
"DB-13555","Dorothy Badders",1
"TB-21355","Todd Boyes",1
"EH-14125","Eugene Hildebrand",1
"FC-14335","Fred Chung",1
"GD-14590","Giulietta Dortch",1
"TH-21100","Thea Hendricks",1
"CY-12745","Craig Yedwab",1
"DM-13525","Don Miller",1
"CC-12610","Corey Catlett",1
"CM-12160","Charles McCrossin",1
"MR-17545","Mathew Reese",1
"RA-19915","Russell Applegate",1
"BK-11260","Berenike Kampe",1
"KM-16720","Kunst Miller",1
"SS-20140","Saphhira Shifley",1
"MC-17590","Matt Collister",1
"BS-11665","Brian Stugart",1
"GM-14500","Gene McClure",1
"VM-21685","Valerie Mitchum",1
"LW-16825","Laurel Workman",1
"LR-16915","Lena Radford",1
"DB-13615","Doug Bickford",1
"AH-10585","Angele Hood",1
"SC-20095","Sanjit Chand",1
"MT-18070","Michelle Tran",1
"JJ-15760","Joel Jenkins",1
"CC-12670","Craig Carreira",1
"NW-18400","Natalie Webber",1
"AC-10615","Ann Chong",1
"AA-10375","Allen Armold",1
"AH-10465","Amy Hunt",1
"DH-13075","Dave Hallsten",1
"AG-10675","Anna Gayman",1
"SF-20065","Sandra Flanagan",1
"GG-14650","Greg Guthrie",1
"GW-14605","Giulietta Weimer",1
"AJ-10795","Anthony Johnson",1
"BG-11035","Barry Gonzalez",1
"DE-13255","Deanra Eno",1
"PK-18910","Paul Knutson",1
"DJ-13630","Doug Jacobs",1
"SM-20005","Sally Matthias",1
"NS-18640","Noel Staavos",1
"SP-20860","Sung Pak",1
"DO-13645","Doug O'Connell",1
"BF-11170","Ben Ferrer",1
"CW-11905","Carl Weiss",1
"VT-21700","Valerie Takahito",1
"TS-21340","Toby Swindell",1
"AR-10570","Anemone Ratner",1
"BG-11740","Bruce Geld",1
"PJ-18835","Patrick Jones",1
"CM-12445","Chuck Magee",1
"HG-15025","Hunter Glantz",1
"AG-10330","Alex Grayson",1
"TC-21145","Theresa Coyne",1
"SH-19975","Sally Hughsby",1
"SA-20830","Sue Ann Reed",1
"FO-14305","Frank Olsen",1
"MV-18190","Mike Vittorini",1
"GA-14725","Guy Armstrong",1
"MN-17935","Michael Nguyen",1
"DM-13345","Denise Monton",1
"TB-21055","Ted Butterfield",1
"SC-20845","Sung Chung",1
"AR-10825","Anthony Rawles",1
"YS-21880","Yana Sorensen",1
"FH-14365","Fred Hopkins",1
"BF-11020","Barry Franzˆsisch",1
"RB-19360","Raymond Buch",1
"EJ-13720","Ed Jacobs",1
"VW-21775","Victoria Wilson",1
"CP-12340","Christine Phan",1
"DA-13450","Dianna Arnett",1
"GH-14665","Greg Hansen",1
"PN-18775","Parhena Norris",1
"CA-12775","Cynthia Arntzen",1
"SG-20890","Susan Gilcrest",1
"SW-20245","Scot Wooten",1
"FH-14350","Fred Harton",1
"LC-16960","Lindsay Castell",1
"SU-20665","Stephanie Ulpright",1
"BE-11455","Brad Eason",1
"SC-20230","Scot Coram",1
"CA-12265","Christina Anderson",1
"TB-21520","Tracy Blumstein",1
"JK-15370","Jay Kimmel",1
"BS-11755","Bruce Stewart",1
"NR-18550","Nick Radford",1
"ME-18010","Michelle Ellison",1
"MH-17620","Matt Hagelstein",1
"VM-21835","Vivian Mathis",1
"JF-15415","Jennifer Ferguson",1
"DD-13570","Dorothy Dickinson",1
"JO-15550","Jesus Ocampo",1
"DK-13090","Dave Kipp",1
"MC-17425","Mark Cousins",1
"BF-11215","Benjamin Farhat",1
"TB-21280","Toby Braunhardt",1
"FC-14245","Frank Carlisle",1
"AW-10840","Anthony Witt",1
"KH-16630","Ken Heidel",1
"AB-10600","Ann Blume",1
"SC-20575","Sonia Cooley",1
"CL-11890","Carl Ludwig",1
"MJ-17740","Max Jones",1
"EL-13735","Ed Ludwig",1
"GB-14575","Giulietta Baptist",1
"OT-18730","Olvera Toch",1
"DB-13270","Deborah Brumfield",1
"DR-12880","Dan Reichenbach",1
"VP-21730","Victor Preis",1
"JH-15430","Jennifer Halladay",1
"SC-20770","Stewart Carmichael",1
"HD-14785","Harold Dahlen",1
"HM-14860","Harry Marie",1
"BB-11545","Brenda Bowman",1
"JL-15835","John Lee",1
"ER-13855","Elpida Rittenbach",1
"VB-21745","Victoria Brennan",1
"IL-15100","Ivan Liston",1
"LB-16795","Laurel Beltran",1
"JP-15460","Jennifer Patt",1
"TC-21475","Tony Chapman",1
"RD-19930","Russell D'Ascenzo",1
"JD-15790","John Dryer",1
"DP-13390","Dennis Pardue",1
"MO-17800","Meg O'Connel",1
"SW-20350","Sean Wendt",1
"AS-10225","Alan Schoenberger",1
"BC-11125","Becky Castell",1
"JK-16090","Juliana Krohn",1
"JM-15250","Janet Martin",1
"CG-12520","Claire Gute",1
"SG-20605","Speros Goranitis",1
"SN-20560","Skye Norling",1
"KW-16435","Katrina Willman",1
"CK-12325","Christine Kargatis",1
"RW-19540","Rick Wilson",1
"JH-15985","Joseph Holt",1
"JE-16165","Justin Ellison",1
"NC-18625","Noah Childs",1
