"shipmentid","shipdate","shipmode"
1,"2016-04-15","Standard Class"
2,"2016-04-09","Standard Class"
3,"2016-04-27","Second Class"
4,"2016-06-26","Second Class"
5,"2017-09-17","Same Day"
6,"2016-03-26","First Class"
7,"2015-06-19","Standard Class"
8,"2016-07-24","Standard Class"
9,"2014-03-12","Standard Class"
10,"2014-01-20","First Class"
11,"2017-12-05","Standard Class"
12,"2016-09-20","Standard Class"
13,"2016-10-01","Standard Class"
14,"2014-08-25","First Class"
15,"2016-03-01","First Class"
16,"2016-10-09","Standard Class"
17,"2017-12-21","Standard Class"
18,"2016-04-06","Standard Class"
19,"2014-10-22","Second Class"
20,"2015-12-03","Second Class"
21,"2014-10-10","Second Class"
22,"2016-03-11","Same Day"
23,"2016-02-13","First Class"
24,"2014-02-03","Standard Class"
25,"2015-12-01","Standard Class"
26,"2015-07-10","Standard Class"
27,"2014-03-28","Standard Class"
28,"2017-07-21","Standard Class"
29,"2017-09-20","First Class"
30,"2017-03-06","Standard Class"
31,"2017-03-31","Standard Class"
32,"2016-09-14","First Class"
33,"2015-10-12","First Class"
34,"2015-05-28","Second Class"
35,"2014-03-07","Standard Class"
36,"2016-07-28","Second Class"
37,"2016-09-23","Second Class"
38,"2017-11-21","Standard Class"
39,"2016-06-28","Same Day"
40,"2016-07-25","First Class"
41,"2017-06-17","Standard Class"
42,"2015-02-23","Second Class"
43,"2014-11-04","Standard Class"
44,"2016-10-03","Standard Class"
45,"2014-04-20","Standard Class"
46,"2016-04-18","Standard Class"
47,"2014-11-17","Standard Class"
48,"2016-06-23","Standard Class"
49,"2014-08-05","Second Class"
50,"2015-11-17","First Class"
51,"2016-04-07","Standard Class"
52,"2015-11-19","Standard Class"
53,"2017-09-25","First Class"
54,"2016-02-24","Standard Class"
55,"2017-07-19","Second Class"
56,"2015-12-13","Standard Class"
57,"2015-06-30","Standard Class"
58,"2015-02-06","Standard Class"
59,"2017-11-23","Standard Class"
60,"2017-05-17","First Class"
61,"2015-03-02","Second Class"
62,"2016-06-17","Standard Class"
63,"2016-01-05","First Class"
64,"2016-10-28","First Class"
65,"2017-06-01","Standard Class"
66,"2016-09-14","Standard Class"
67,"2017-01-21","First Class"
68,"2014-09-27","First Class"
69,"2014-12-26","First Class"
70,"2014-05-21","Standard Class"
71,"2016-09-12","Second Class"
72,"2017-05-27","Standard Class"
73,"2015-07-08","Same Day"
74,"2016-05-04","Second Class"
75,"2014-08-13","First Class"
76,"2014-09-25","First Class"
77,"2015-12-22","First Class"
78,"2014-05-27","Same Day"
79,"2016-06-20","First Class"
80,"2015-02-25","Standard Class"
81,"2015-09-07","Second Class"
82,"2017-05-23","Standard Class"
83,"2017-10-09","Standard Class"
84,"2017-10-20","Standard Class"
85,"2015-02-11","First Class"
86,"2017-07-02","First Class"
87,"2016-10-06","Standard Class"
88,"2016-05-25","Standard Class"
89,"2015-09-13","Standard Class"
90,"2014-11-20","Second Class"
91,"2016-03-16","Standard Class"
92,"2017-05-20","Standard Class"
93,"2016-11-28","Standard Class"
94,"2015-04-23","Second Class"
95,"2015-12-12","Standard Class"
96,"2014-11-01","Standard Class"
97,"2016-06-22","Standard Class"
98,"2015-07-09","Standard Class"
99,"2017-12-13","Same Day"
100,"2017-11-19","First Class"
101,"2017-12-28","Standard Class"
102,"2017-05-16","Second Class"
103,"2015-09-22","First Class"
104,"2014-06-16","Standard Class"
105,"2015-09-27","Second Class"
106,"2017-10-08","Second Class"
107,"2014-09-03","First Class"
108,"2014-09-30","Same Day"
109,"2015-04-14","Standard Class"
110,"2014-06-02","Standard Class"
111,"2015-01-29","First Class"
112,"2017-04-30","Standard Class"
113,"2014-03-06","Standard Class"
114,"2017-02-19","First Class"
115,"2017-07-02","Second Class"
116,"2015-06-15","Second Class"
117,"2017-12-12","First Class"
118,"2016-09-30","Standard Class"
119,"2017-08-11","Standard Class"
120,"2014-05-08","Standard Class"
121,"2017-11-18","Second Class"
122,"2015-01-22","Standard Class"
123,"2015-12-08","First Class"
124,"2014-04-26","Standard Class"
125,"2016-09-28","Standard Class"
126,"2014-08-25","Second Class"
127,"2017-05-25","Same Day"
128,"2014-09-22","Standard Class"
129,"2014-09-11","First Class"
130,"2014-12-18","First Class"
131,"2014-04-16","Second Class"
132,"2017-11-14","Standard Class"
133,"2017-10-10","First Class"
134,"2016-09-09","Standard Class"
135,"2017-12-02","Same Day"
136,"2015-05-19","Standard Class"
137,"2014-05-25","Standard Class"
138,"2016-07-31","First Class"
139,"2017-10-07","Second Class"
140,"2015-05-29","Standard Class"
141,"2017-10-30","Second Class"
142,"2014-12-10","Standard Class"
143,"2014-01-28","Standard Class"
144,"2016-04-19","Standard Class"
145,"2017-03-13","Same Day"
146,"2015-09-20","First Class"
147,"2017-09-02","Second Class"
148,"2016-09-10","Standard Class"
149,"2014-10-01","Second Class"
150,"2017-06-07","Second Class"
151,"2014-06-26","First Class"
152,"2014-12-21","First Class"
153,"2016-05-31","Standard Class"
154,"2014-07-12","Standard Class"
155,"2014-12-01","Second Class"
156,"2015-05-05","Standard Class"
157,"2017-06-30","First Class"
158,"2014-09-01","Standard Class"
159,"2014-03-25","Standard Class"
160,"2017-12-06","Standard Class"
161,"2017-03-11","Second Class"
162,"2016-11-09","Standard Class"
163,"2017-09-20","Standard Class"
164,"2015-10-12","Standard Class"
165,"2016-06-12","Standard Class"
166,"2017-08-06","First Class"
167,"2017-11-11","Standard Class"
168,"2014-02-26","Standard Class"
169,"2016-09-26","First Class"
170,"2014-01-15","Second Class"
171,"2017-02-04","Standard Class"
172,"2016-06-21","Standard Class"
173,"2014-12-25","Standard Class"
174,"2017-09-04","Standard Class"
175,"2017-05-14","Second Class"
176,"2015-05-25","Standard Class"
177,"2015-11-09","Second Class"
178,"2014-01-18","Standard Class"
179,"2016-10-22","First Class"
180,"2014-02-19","Second Class"
181,"2016-12-23","Second Class"
182,"2014-04-10","Second Class"
183,"2015-07-02","Same Day"
184,"2015-03-02","Standard Class"
185,"2015-10-17","Same Day"
186,"2015-04-03","Second Class"
187,"2014-10-13","Standard Class"
188,"2017-06-19","Standard Class"
189,"2016-03-25","Same Day"
190,"2017-01-20","Standard Class"
191,"2017-07-06","Same Day"
192,"2015-01-08","Standard Class"
193,"2016-04-15","First Class"
194,"2015-05-26","Standard Class"
195,"2014-08-14","Standard Class"
196,"2017-07-03","Standard Class"
197,"2017-11-16","Standard Class"
198,"2016-07-10","Second Class"
199,"2017-11-11","First Class"
200,"2014-01-31","Standard Class"
201,"2014-05-02","Second Class"
202,"2014-09-07","Second Class"
203,"2016-01-03","Second Class"
204,"2016-04-03","Same Day"
205,"2016-11-22","Standard Class"
206,"2017-07-26","Standard Class"
207,"2014-06-27","Second Class"
208,"2017-08-25","Standard Class"
209,"2015-07-14","Second Class"
210,"2016-06-01","First Class"
211,"2015-03-12","Standard Class"
212,"2014-06-20","Standard Class"
213,"2016-05-23","Standard Class"
214,"2014-03-15","Standard Class"
215,"2014-11-08","First Class"
216,"2014-01-07","First Class"
217,"2014-04-01","First Class"
218,"2015-03-19","Second Class"
219,"2017-04-26","Standard Class"
220,"2014-04-05","First Class"
221,"2014-07-28","Same Day"
222,"2017-10-19","Standard Class"
223,"2015-06-02","First Class"
224,"2015-08-08","First Class"
225,"2015-02-05","First Class"
226,"2017-06-03","First Class"
227,"2016-04-05","First Class"
228,"2014-08-24","Second Class"
229,"2014-11-06","Standard Class"
230,"2017-06-10","Same Day"
231,"2015-11-26","Second Class"
232,"2016-03-15","Standard Class"
233,"2016-05-10","Standard Class"
234,"2017-08-07","First Class"
235,"2014-11-09","Standard Class"
236,"2016-04-14","First Class"
237,"2016-09-24","Standard Class"
238,"2017-10-17","Standard Class"
239,"2016-12-13","Second Class"
240,"2015-06-01","First Class"
241,"2016-09-13","Second Class"
242,"2017-05-29","Standard Class"
243,"2016-12-14","Second Class"
244,"2017-06-02","Second Class"
245,"2016-12-27","First Class"
246,"2014-04-24","First Class"
247,"2017-05-09","First Class"
248,"2016-12-12","First Class"
249,"2017-01-17","Second Class"
250,"2017-12-26","Second Class"
251,"2017-05-29","First Class"
252,"2017-08-26","Second Class"
253,"2015-03-17","Standard Class"
254,"2017-08-15","Standard Class"
255,"2014-06-06","First Class"
256,"2016-07-02","Standard Class"
257,"2017-11-06","First Class"
258,"2017-09-17","Second Class"
259,"2017-04-18","Standard Class"
260,"2014-07-17","Second Class"
261,"2017-11-13","Standard Class"
262,"2014-12-28","Second Class"
263,"2017-05-11","Second Class"
264,"2017-12-05","Second Class"
265,"2015-04-19","Standard Class"
266,"2014-10-20","Standard Class"
267,"2015-12-17","Same Day"
268,"2017-09-25","Standard Class"
269,"2016-12-01","Second Class"
270,"2015-11-18","Second Class"
271,"2014-10-22","Standard Class"
272,"2016-08-16","Standard Class"
273,"2015-05-24","Standard Class"
274,"2017-11-20","First Class"
275,"2016-12-22","Standard Class"
276,"2015-11-24","First Class"
277,"2017-06-21","Second Class"
278,"2017-04-23","Standard Class"
279,"2016-01-15","Same Day"
280,"2016-07-28","Standard Class"
281,"2016-07-18","Second Class"
282,"2017-06-25","Standard Class"
283,"2016-12-14","First Class"
284,"2017-11-20","Standard Class"
285,"2014-10-23","First Class"
286,"2015-10-05","Second Class"
287,"2014-09-16","Standard Class"
288,"2017-03-22","First Class"
289,"2015-08-05","Second Class"
290,"2017-03-31","First Class"
291,"2014-12-07","Standard Class"
292,"2017-09-12","Second Class"
293,"2015-03-09","Second Class"
294,"2015-11-15","Standard Class"
295,"2014-03-30","Standard Class"
296,"2014-12-21","Standard Class"
297,"2017-02-01","Standard Class"
298,"2015-12-15","First Class"
299,"2017-01-31","Standard Class"
300,"2016-06-19","First Class"
301,"2017-12-20","Second Class"
302,"2016-12-20","Second Class"
303,"2017-02-13","Second Class"
304,"2014-12-23","Second Class"
305,"2015-12-03","First Class"
306,"2016-10-29","Standard Class"
307,"2014-02-03","First Class"
308,"2016-09-20","Second Class"
309,"2015-09-11","Standard Class"
310,"2015-01-03","Standard Class"
311,"2017-06-03","Second Class"
312,"2017-11-20","Second Class"
313,"2017-04-05","Standard Class"
314,"2016-06-13","Standard Class"
315,"2014-01-25","Standard Class"
316,"2014-11-11","Second Class"
317,"2017-08-29","Second Class"
318,"2015-08-28","Standard Class"
319,"2015-11-13","Same Day"
320,"2015-02-21","Standard Class"
321,"2016-12-21","Standard Class"
322,"2015-12-06","Standard Class"
323,"2015-07-03","Standard Class"
324,"2017-04-11","First Class"
325,"2017-10-28","Second Class"
326,"2017-05-08","Standard Class"
327,"2016-06-06","Second Class"
328,"2014-04-08","First Class"
329,"2017-04-11","Standard Class"
330,"2015-07-19","Second Class"
331,"2017-01-04","Standard Class"
332,"2014-05-18","Standard Class"
333,"2017-03-30","Standard Class"
334,"2014-09-13","Standard Class"
335,"2016-05-08","Second Class"
336,"2016-10-06","Same Day"
337,"2017-12-13","Second Class"
338,"2016-05-08","Standard Class"
339,"2014-03-18","Standard Class"
340,"2014-12-27","Second Class"
341,"2016-08-24","Standard Class"
342,"2017-07-17","First Class"
343,"2015-12-25","Second Class"
344,"2016-05-24","Same Day"
345,"2014-10-03","Standard Class"
346,"2015-03-12","First Class"
347,"2014-10-06","First Class"
348,"2015-06-25","First Class"
349,"2016-04-30","Second Class"
350,"2017-12-15","Second Class"
351,"2015-08-17","Second Class"
352,"2016-08-25","Standard Class"
353,"2017-05-02","First Class"
354,"2015-05-18","Standard Class"
355,"2017-12-13","First Class"
356,"2016-09-18","First Class"
357,"2017-05-12","Same Day"
358,"2015-08-23","Standard Class"
359,"2016-04-22","Standard Class"
360,"2015-12-07","First Class"
361,"2016-04-26","Standard Class"
362,"2014-08-21","Standard Class"
363,"2017-07-24","Same Day"
364,"2016-12-06","Standard Class"
365,"2016-12-11","First Class"
366,"2016-11-15","Standard Class"
367,"2017-02-05","Standard Class"
368,"2016-08-16","First Class"
369,"2015-06-08","Standard Class"
370,"2015-08-13","Second Class"
371,"2017-05-26","Standard Class"
372,"2015-12-09","Standard Class"
373,"2017-10-17","First Class"
374,"2015-09-16","Standard Class"
375,"2016-02-23","Second Class"
376,"2015-07-03","First Class"
377,"2014-03-26","Second Class"
378,"2017-11-25","First Class"
379,"2015-04-18","Standard Class"
380,"2014-10-24","Same Day"
381,"2017-11-16","Second Class"
382,"2015-08-11","Standard Class"
383,"2017-10-24","Second Class"
384,"2017-05-09","Standard Class"
385,"2016-11-27","Standard Class"
386,"2017-01-23","Second Class"
387,"2017-09-10","Standard Class"
388,"2017-08-08","First Class"
389,"2014-07-23","Standard Class"
390,"2015-09-30","Standard Class"
391,"2016-02-13","Standard Class"
392,"2014-11-21","Second Class"
393,"2017-04-04","Second Class"
394,"2017-02-09","First Class"
395,"2014-04-02","Standard Class"
396,"2017-11-12","Standard Class"
397,"2016-10-27","Standard Class"
398,"2017-11-07","Same Day"
399,"2014-12-11","First Class"
400,"2016-01-05","Standard Class"
401,"2015-11-27","Second Class"
402,"2014-11-22","Second Class"
403,"2016-10-01","First Class"
404,"2015-03-05","Standard Class"
405,"2016-06-25","Second Class"
406,"2017-11-13","Second Class"
407,"2017-10-02","Second Class"
408,"2017-07-03","Same Day"
409,"2016-11-18","Same Day"
410,"2016-08-15","Second Class"
411,"2017-06-25","Second Class"
412,"2017-10-20","Same Day"
413,"2014-09-22","First Class"
414,"2016-05-28","Standard Class"
415,"2017-08-23","Standard Class"
416,"2015-12-17","Standard Class"
417,"2014-10-08","Standard Class"
418,"2014-10-08","Same Day"
419,"2015-01-17","Standard Class"
420,"2017-05-08","Second Class"
421,"2016-07-24","Second Class"
422,"2014-10-09","Standard Class"
423,"2017-09-10","Second Class"
424,"2014-02-19","Standard Class"
425,"2017-05-24","Second Class"
426,"2017-11-17","First Class"
427,"2016-11-25","Second Class"
428,"2017-01-27","Standard Class"
429,"2017-07-07","Standard Class"
430,"2016-07-26","Standard Class"
431,"2017-12-07","Standard Class"
432,"2015-06-27","Standard Class"
433,"2016-09-07","Second Class"
434,"2014-07-08","First Class"
435,"2014-11-28","Standard Class"
436,"2016-08-20","First Class"
437,"2017-09-30","Second Class"
438,"2017-05-04","Standard Class"
439,"2016-08-02","First Class"
440,"2016-07-21","First Class"
441,"2014-12-28","First Class"
442,"2017-10-03","Standard Class"
443,"2014-08-08","Standard Class"
444,"2017-08-07","Standard Class"
445,"2015-07-28","First Class"
446,"2017-01-07","Standard Class"
447,"2014-11-09","First Class"
448,"2015-05-21","Standard Class"
449,"2017-11-26","First Class"
450,"2015-05-27","Second Class"
451,"2015-01-07","Standard Class"
452,"2014-09-17","Standard Class"
453,"2016-02-23","Standard Class"
454,"2015-12-30","Standard Class"
455,"2017-09-06","First Class"
456,"2015-10-27","First Class"
457,"2015-09-17","Standard Class"
458,"2016-04-10","Second Class"
459,"2016-11-04","First Class"
460,"2017-10-13","Standard Class"
461,"2017-06-08","Standard Class"
462,"2017-12-03","Standard Class"
463,"2015-07-19","First Class"
464,"2014-11-30","Second Class"
465,"2015-03-27","Standard Class"
466,"2015-06-26","Second Class"
467,"2015-12-10","Same Day"
468,"2016-05-28","Same Day"
469,"2017-08-03","Standard Class"
470,"2017-10-01","First Class"
471,"2017-07-04","First Class"
472,"2014-12-31","Second Class"
473,"2017-10-11","Standard Class"
474,"2016-08-27","Standard Class"
475,"2015-08-25","Same Day"
476,"2015-09-25","Same Day"
477,"2016-07-14","Same Day"
478,"2017-05-05","Same Day"
479,"2017-06-10","First Class"
480,"2015-10-06","Second Class"
481,"2015-04-09","Standard Class"
482,"2015-06-12","Standard Class"
483,"2014-05-02","Same Day"
484,"2015-12-31","Second Class"
485,"2017-09-13","Second Class"
486,"2017-02-02","First Class"
487,"2015-03-21","Standard Class"
488,"2015-04-20","Second Class"
489,"2017-11-21","First Class"
490,"2016-07-20","Standard Class"
491,"2014-09-07","First Class"
492,"2017-12-11","First Class"
493,"2016-11-12","First Class"
494,"2015-03-01","Second Class"
495,"2016-05-26","Same Day"
496,"2016-05-22","Same Day"
497,"2014-10-15","Standard Class"
498,"2017-11-02","First Class"
499,"2016-12-27","Second Class"
500,"2017-05-13","First Class"
501,"2016-02-22","Standard Class"
502,"2017-08-24","First Class"
503,"2016-12-13","First Class"
504,"2015-11-04","Standard Class"
505,"2015-02-20","Standard Class"
506,"2017-07-22","Standard Class"
507,"2014-09-24","Standard Class"
508,"2015-06-22","Standard Class"
509,"2015-12-07","Standard Class"
510,"2016-08-30","Standard Class"
511,"2014-09-19","Same Day"
512,"2015-10-05","Standard Class"
513,"2015-07-31","Standard Class"
514,"2015-02-28","Standard Class"
515,"2016-09-22","First Class"
516,"2016-04-24","Second Class"
517,"2014-11-05","Standard Class"
518,"2016-02-22","Second Class"
519,"2016-11-29","Second Class"
520,"2016-02-10","Second Class"
521,"2015-12-19","Second Class"
522,"2014-02-09","First Class"
523,"2017-10-02","First Class"
524,"2014-08-19","Standard Class"
525,"2015-09-12","Second Class"
526,"2014-12-21","Second Class"
527,"2016-04-26","Second Class"
528,"2016-08-23","Second Class"
529,"2015-01-31","Second Class"
530,"2016-06-13","Second Class"
531,"2015-10-02","Standard Class"
532,"2016-12-13","Standard Class"
533,"2016-12-04","Standard Class"
534,"2017-09-23","First Class"
535,"2017-03-02","Standard Class"
536,"2014-09-23","First Class"
537,"2014-05-22","First Class"
538,"2015-10-17","Second Class"
539,"2016-11-21","First Class"
540,"2017-10-22","First Class"
541,"2015-03-18","Standard Class"
542,"2016-09-29","Second Class"
543,"2014-04-30","First Class"
544,"2017-11-29","Second Class"
545,"2015-04-19","First Class"
546,"2017-07-11","First Class"
547,"2016-03-14","Standard Class"
548,"2016-04-08","Second Class"
549,"2015-11-28","Standard Class"
550,"2014-07-15","Standard Class"
551,"2014-11-26","Standard Class"
552,"2014-12-08","Second Class"
553,"2017-12-29","Second Class"
554,"2017-12-11","Same Day"
555,"2017-11-06","Same Day"
556,"2017-11-18","Standard Class"
557,"2016-09-13","Same Day"
558,"2015-12-28","Standard Class"
559,"2017-01-15","First Class"
560,"2015-09-11","First Class"
561,"2017-02-21","Second Class"
562,"2017-07-24","Standard Class"
563,"2016-11-27","First Class"
564,"2014-11-13","Standard Class"
565,"2015-12-23","First Class"
566,"2016-11-22","First Class"
567,"2014-11-19","First Class"
568,"2015-01-01","Standard Class"
569,"2016-10-08","Same Day"
570,"2015-03-11","Standard Class"
571,"2014-12-31","Standard Class"
572,"2014-03-04","Same Day"
573,"2017-04-27","Standard Class"
574,"2015-06-20","First Class"
575,"2017-03-13","Standard Class"
576,"2016-02-03","First Class"
577,"2015-06-05","Standard Class"
578,"2016-02-27","Second Class"
579,"2016-11-05","Same Day"
580,"2014-08-03","First Class"
581,"2016-10-21","Same Day"
582,"2016-08-03","Standard Class"
583,"2016-03-30","Standard Class"
584,"2016-04-16","Standard Class"
585,"2016-04-02","Second Class"
586,"2016-09-26","Standard Class"
587,"2016-09-05","First Class"
588,"2015-12-31","Standard Class"
589,"2015-08-02","Standard Class"
590,"2017-01-30","Second Class"
591,"2017-12-11","Second Class"
592,"2017-09-19","Standard Class"
593,"2017-04-29","Standard Class"
594,"2015-08-26","Standard Class"
595,"2017-09-26","Same Day"
596,"2017-08-29","Standard Class"
597,"2014-03-02","Standard Class"
598,"2014-09-05","First Class"
599,"2015-10-22","First Class"
600,"2017-05-06","Same Day"
601,"2017-11-24","Standard Class"
602,"2015-12-14","First Class"
603,"2016-08-23","First Class"
604,"2017-07-25","Standard Class"
605,"2014-05-12","Standard Class"
606,"2015-03-10","Standard Class"
607,"2017-12-31","Standard Class"
608,"2017-01-26","Standard Class"
609,"2017-12-31","First Class"
610,"2014-05-03","Standard Class"
611,"2014-06-25","First Class"
612,"2015-03-25","Standard Class"
613,"2016-04-12","First Class"
614,"2016-07-16","Second Class"
615,"2016-11-11","Standard Class"
616,"2016-03-03","Same Day"
617,"2015-09-29","Second Class"
618,"2016-02-08","Standard Class"
619,"2016-07-27","First Class"
620,"2014-03-22","Same Day"
621,"2014-04-12","Standard Class"
622,"2017-09-16","First Class"
623,"2016-06-30","Second Class"
624,"2017-09-05","Second Class"
625,"2016-04-28","Standard Class"
626,"2014-05-20","Second Class"
627,"2016-11-11","Second Class"
628,"2016-11-26","First Class"
629,"2016-12-20","Standard Class"
630,"2014-11-18","First Class"
631,"2015-06-03","Standard Class"
632,"2017-09-10","First Class"
633,"2015-05-02","Standard Class"
634,"2015-03-07","Standard Class"
635,"2014-06-17","Standard Class"
636,"2015-07-13","Second Class"
637,"2015-02-04","Standard Class"
638,"2017-06-10","Standard Class"
639,"2017-02-21","Standard Class"
640,"2016-05-01","First Class"
641,"2016-03-27","Second Class"
642,"2017-12-27","Same Day"
643,"2016-02-14","First Class"
644,"2015-04-06","Same Day"
645,"2017-09-15","Second Class"
646,"2015-03-30","Standard Class"
647,"2014-11-15","Standard Class"
648,"2014-12-24","Standard Class"
649,"2015-05-10","Same Day"
650,"2014-02-09","Standard Class"
651,"2016-05-21","Second Class"
652,"2016-01-17","Standard Class"
653,"2017-07-28","Second Class"
654,"2016-11-07","First Class"
655,"2015-06-01","Standard Class"
656,"2017-10-18","Standard Class"
657,"2016-12-30","Second Class"
658,"2017-11-17","Second Class"
659,"2014-07-27","Second Class"
660,"2016-09-07","First Class"
661,"2014-08-23","Same Day"
662,"2014-06-01","Standard Class"
663,"2017-09-06","Standard Class"
664,"2017-03-30","Second Class"
665,"2015-12-20","Standard Class"
666,"2015-04-02","Standard Class"
667,"2017-11-07","First Class"
668,"2014-09-10","First Class"
669,"2015-12-09","Second Class"
670,"2017-11-24","Second Class"
671,"2017-03-30","Same Day"
672,"2016-04-14","Same Day"
673,"2015-12-05","Standard Class"
674,"2014-01-08","Standard Class"
675,"2015-05-05","First Class"
676,"2017-08-10","Second Class"
677,"2017-03-23","Standard Class"
678,"2014-05-30","Standard Class"
679,"2014-08-21","Second Class"
680,"2015-01-05","Standard Class"
681,"2014-09-09","First Class"
682,"2016-12-31","Second Class"
683,"2014-08-26","Second Class"
684,"2015-04-04","Same Day"
685,"2016-02-02","Second Class"
686,"2016-11-23","Second Class"
687,"2016-02-11","Standard Class"
688,"2015-08-07","Standard Class"
689,"2017-10-08","Standard Class"
690,"2016-05-13","Standard Class"
691,"2014-09-17","Second Class"
692,"2016-09-10","First Class"
693,"2017-07-25","Second Class"
694,"2014-06-09","Standard Class"
695,"2014-12-04","Standard Class"
696,"2016-12-08","Standard Class"
697,"2016-05-07","Standard Class"
698,"2015-09-19","Standard Class"
699,"2017-06-09","Standard Class"
700,"2016-02-22","First Class"
701,"2016-08-12","First Class"
702,"2015-11-05","Same Day"
703,"2015-03-31","Standard Class"
704,"2017-02-06","Standard Class"
705,"2015-08-22","Standard Class"
706,"2015-11-30","Same Day"
707,"2015-12-02","Second Class"
708,"2016-05-07","First Class"
709,"2017-10-06","Standard Class"
710,"2016-03-17","Same Day"
711,"2015-12-25","Standard Class"
712,"2014-07-14","First Class"
713,"2015-09-07","Same Day"
714,"2016-10-07","First Class"
715,"2017-07-30","Standard Class"
716,"2015-10-20","First Class"
717,"2015-10-26","First Class"
718,"2016-07-10","Same Day"
719,"2016-11-19","Standard Class"
720,"2015-03-11","Second Class"
721,"2016-10-28","Same Day"
722,"2016-08-21","Standard Class"
723,"2016-06-14","Standard Class"
724,"2016-11-20","Standard Class"
725,"2017-10-12","Standard Class"
726,"2014-10-12","Standard Class"
727,"2016-11-26","Standard Class"
728,"2014-11-24","Standard Class"
729,"2014-04-06","Standard Class"
730,"2016-05-04","First Class"
731,"2015-04-15","Standard Class"
732,"2016-10-25","Standard Class"
733,"2017-12-08","Second Class"
734,"2017-11-04","Same Day"
735,"2017-11-26","Second Class"
736,"2017-02-23","First Class"
737,"2014-12-04","First Class"
738,"2017-09-27","Second Class"
739,"2015-06-14","First Class"
740,"2014-04-07","Second Class"
741,"2016-12-28","Second Class"
742,"2017-12-19","Standard Class"
743,"2015-04-28","First Class"
744,"2015-05-18","Second Class"
745,"2017-10-02","Standard Class"
746,"2016-10-08","Standard Class"
747,"2014-12-09","Second Class"
748,"2017-10-11","Second Class"
749,"2017-12-05","First Class"
750,"2015-11-14","Second Class"
751,"2014-09-26","Standard Class"
752,"2015-12-18","First Class"
753,"2017-04-04","Standard Class"
754,"2017-07-13","Standard Class"
755,"2017-09-05","First Class"
756,"2016-02-26","Second Class"
757,"2014-04-29","Standard Class"
758,"2016-11-06","First Class"
759,"2014-05-10","Standard Class"
760,"2017-09-11","First Class"
761,"2014-09-15","Standard Class"
762,"2015-11-29","Standard Class"
763,"2015-04-03","Standard Class"
764,"2016-12-06","Second Class"
765,"2016-10-22","Standard Class"
766,"2017-10-30","Standard Class"
767,"2017-12-24","Second Class"
768,"2017-12-02","Second Class"
769,"2016-10-15","Standard Class"
770,"2015-11-08","Standard Class"
771,"2017-06-14","Standard Class"
772,"2017-11-10","Standard Class"
773,"2015-11-13","Second Class"
774,"2015-10-30","Standard Class"
775,"2015-10-03","Standard Class"
776,"2014-09-03","Same Day"
777,"2016-03-19","Standard Class"
778,"2017-10-26","Standard Class"
779,"2017-12-21","First Class"
780,"2017-07-31","Standard Class"
781,"2015-04-14","Second Class"
782,"2017-02-08","Second Class"
783,"2016-02-19","Standard Class"
784,"2016-09-12","Standard Class"
785,"2017-07-08","Standard Class"
786,"2017-04-15","Second Class"
787,"2015-05-14","Standard Class"
788,"2015-12-16","Standard Class"
789,"2014-09-12","Standard Class"
790,"2017-09-28","Second Class"
791,"2017-10-23","Second Class"
792,"2015-08-23","Same Day"
793,"2017-09-26","Standard Class"
794,"2017-01-04","Second Class"
795,"2016-11-12","Second Class"
796,"2016-01-13","Standard Class"
797,"2017-08-04","First Class"
798,"2015-07-15","First Class"
799,"2016-02-01","Second Class"
800,"2016-11-06","Second Class"
801,"2017-07-06","Second Class"
802,"2014-08-24","Same Day"
803,"2014-06-22","Standard Class"
804,"2014-07-20","Same Day"
805,"2014-12-31","Same Day"
806,"2016-07-09","Second Class"
807,"2016-06-03","Standard Class"
808,"2014-10-20","Second Class"
809,"2014-10-22","First Class"
810,"2016-03-14","Second Class"
811,"2018-01-02","Standard Class"
812,"2017-02-14","First Class"
813,"2016-11-24","Second Class"
814,"2016-08-27","First Class"
815,"2016-07-27","Standard Class"
816,"2015-10-04","Standard Class"
817,"2014-05-17","Standard Class"
818,"2017-12-22","Standard Class"
819,"2016-05-12","Second Class"
820,"2014-08-30","Standard Class"
821,"2014-02-25","Standard Class"
822,"2017-08-13","Standard Class"
823,"2015-09-20","Standard Class"
824,"2014-10-17","Same Day"
825,"2014-04-09","Second Class"
826,"2016-09-11","Standard Class"
827,"2017-03-25","Second Class"
828,"2017-04-12","Second Class"
829,"2016-07-11","Second Class"
830,"2016-01-26","Second Class"
831,"2017-07-15","Standard Class"
832,"2014-12-14","Second Class"
833,"2016-12-21","First Class"
834,"2017-12-15","Standard Class"
835,"2014-08-16","Standard Class"
836,"2016-02-28","Standard Class"
837,"2016-01-08","Standard Class"
838,"2016-10-11","Second Class"
839,"2017-07-11","Standard Class"
840,"2017-05-15","First Class"
841,"2015-11-03","First Class"
842,"2016-06-18","Second Class"
843,"2015-10-20","Standard Class"
844,"2015-09-09","Second Class"
845,"2015-03-26","Standard Class"
846,"2015-10-07","Second Class"
847,"2016-09-23","Standard Class"
848,"2015-10-08","Second Class"
849,"2016-05-30","Standard Class"
850,"2016-09-06","Standard Class"
851,"2014-07-05","Standard Class"
852,"2014-04-13","Standard Class"
853,"2014-08-01","Standard Class"
854,"2015-02-18","Second Class"
855,"2016-11-04","Second Class"
856,"2016-05-08","Same Day"
857,"2014-06-28","First Class"
858,"2015-11-23","First Class"
859,"2017-12-03","Same Day"
860,"2014-12-19","Standard Class"
861,"2016-12-01","Same Day"
862,"2014-09-30","Standard Class"
863,"2016-09-10","Second Class"
864,"2015-08-12","Standard Class"
865,"2017-12-10","Second Class"
866,"2014-01-16","Second Class"
867,"2017-06-19","First Class"
868,"2015-08-14","Standard Class"
869,"2016-12-14","Standard Class"
870,"2014-03-05","Standard Class"
871,"2015-07-31","Same Day"
872,"2017-11-16","Same Day"
873,"2017-06-18","Second Class"
874,"2015-12-27","Standard Class"
875,"2016-05-31","First Class"
876,"2015-08-30","Standard Class"
877,"2014-05-14","Second Class"
878,"2016-08-01","Same Day"
879,"2015-04-07","Standard Class"
880,"2017-12-08","First Class"
881,"2014-10-05","First Class"
882,"2014-06-11","Second Class"
883,"2015-11-14","First Class"
884,"2016-02-04","Second Class"
885,"2014-12-27","Standard Class"
886,"2016-09-13","Standard Class"
887,"2014-02-06","Second Class"
888,"2017-02-28","Second Class"
889,"2017-03-02","Same Day"
890,"2016-09-26","Second Class"
891,"2016-08-31","First Class"
892,"2014-01-15","First Class"
893,"2016-10-20","Standard Class"
894,"2017-11-14","Second Class"
895,"2017-10-11","First Class"
896,"2017-08-13","Same Day"
897,"2015-09-18","Standard Class"
898,"2016-04-27","First Class"
899,"2016-11-21","Second Class"
900,"2017-01-13","Standard Class"
901,"2017-03-27","Standard Class"
902,"2017-09-08","First Class"
903,"2015-02-04","First Class"
904,"2017-10-30","Same Day"
905,"2016-05-23","First Class"
906,"2016-12-28","Standard Class"
907,"2016-07-04","Same Day"
908,"2016-04-17","Second Class"
909,"2017-11-05","Standard Class"
910,"2016-09-22","Standard Class"
911,"2017-06-18","First Class"
912,"2017-10-19","Second Class"
913,"2017-09-25","Second Class"
914,"2017-10-04","Standard Class"
915,"2017-07-19","Standard Class"
916,"2017-09-29","Standard Class"
917,"2017-11-01","First Class"
918,"2016-10-19","Standard Class"
919,"2016-10-29","First Class"
920,"2014-12-03","Second Class"
921,"2014-12-13","Standard Class"
922,"2014-09-04","Standard Class"
923,"2017-03-21","Second Class"
924,"2017-01-11","First Class"
925,"2014-06-13","Second Class"
926,"2014-03-24","Standard Class"
927,"2016-12-20","First Class"
928,"2014-06-25","Standard Class"
929,"2016-09-03","Standard Class"
930,"2014-10-28","First Class"
931,"2014-06-11","Standard Class"
932,"2017-12-25","First Class"
933,"2017-06-06","Standard Class"
934,"2014-12-12","Same Day"
935,"2016-09-19","Same Day"
936,"2015-12-21","Second Class"
937,"2017-09-26","First Class"
938,"2014-06-09","First Class"
939,"2015-12-29","Second Class"
940,"2016-08-06","Second Class"
941,"2016-07-27","Second Class"
942,"2014-12-05","Standard Class"
943,"2016-01-07","Standard Class"
944,"2016-05-13","Second Class"
945,"2017-02-14","Standard Class"
946,"2015-09-07","Standard Class"
947,"2015-11-18","Standard Class"
948,"2017-06-05","Second Class"
949,"2017-05-18","First Class"
950,"2015-09-08","Standard Class"
951,"2015-03-19","Standard Class"
952,"2017-09-29","Same Day"
953,"2017-04-02","First Class"
954,"2015-06-17","First Class"
955,"2017-03-20","First Class"
956,"2014-11-24","Second Class"
957,"2015-11-09","Same Day"
958,"2014-02-27","Standard Class"
959,"2014-03-06","Second Class"
960,"2015-09-04","Standard Class"
961,"2014-03-31","First Class"
962,"2016-11-13","First Class"
963,"2016-07-08","Same Day"
964,"2016-05-11","Standard Class"
965,"2014-02-10","Second Class"
966,"2017-03-28","First Class"
967,"2017-12-27","Standard Class"
968,"2014-09-28","Second Class"
969,"2016-06-18","First Class"
970,"2016-09-03","First Class"
971,"2017-11-15","First Class"
972,"2016-04-06","Second Class"
973,"2017-06-29","Standard Class"
974,"2014-05-01","Second Class"
975,"2017-04-07","Standard Class"
976,"2014-11-26","Same Day"
977,"2017-12-20","First Class"
978,"2015-02-24","Standard Class"
979,"2017-08-27","Standard Class"
980,"2016-05-08","First Class"
981,"2014-07-13","Standard Class"
982,"2017-06-15","Standard Class"
983,"2014-03-17","First Class"
984,"2015-11-13","Standard Class"
985,"2015-03-24","First Class"
986,"2015-01-15","Second Class"
987,"2014-08-29","Same Day"
988,"2016-06-29","Standard Class"
989,"2014-09-08","Standard Class"
990,"2017-10-05","Standard Class"
991,"2016-02-15","First Class"
992,"2015-09-10","Standard Class"
993,"2016-04-21","Standard Class"
994,"2016-03-16","Second Class"
995,"2015-10-01","Standard Class"
996,"2017-12-24","Standard Class"
997,"2017-11-01","Standard Class"
998,"2016-12-12","Second Class"
999,"2014-08-09","Second Class"
1000,"2017-04-17","Second Class"
1001,"2016-04-18","Second Class"
1002,"2016-03-05","Standard Class"
1003,"2016-11-26","Second Class"
1004,"2015-05-28","First Class"
1005,"2017-04-26","First Class"
1006,"2014-02-12","Standard Class"
1007,"2015-11-26","Standard Class"
1008,"2017-01-25","First Class"
1009,"2017-07-24","Second Class"
1010,"2016-12-15","Second Class"
1011,"2014-06-21","Standard Class"
1012,"2016-02-10","Standard Class"
1013,"2016-10-12","First Class"
1014,"2016-05-19","Standard Class"
1015,"2017-12-04","First Class"
1016,"2015-11-03","Second Class"
1017,"2016-10-23","First Class"
1018,"2014-08-10","Second Class"
1019,"2017-11-29","First Class"
1020,"2016-09-30","First Class"
1021,"2017-07-09","Standard Class"
1022,"2016-11-30","First Class"
1023,"2017-12-21","Same Day"
1024,"2017-04-18","First Class"
1025,"2015-07-31","First Class"
1026,"2015-09-18","Second Class"
1027,"2016-09-04","First Class"
1028,"2015-06-09","Standard Class"
1029,"2014-03-14","Standard Class"
1030,"2016-12-30","First Class"
1031,"2017-09-21","Standard Class"
1032,"2015-12-27","First Class"
1033,"2017-03-07","Standard Class"
1034,"2016-09-27","First Class"
1035,"2016-09-04","Same Day"
1036,"2017-10-14","Standard Class"
1037,"2017-12-11","Standard Class"
1038,"2017-03-16","Same Day"
1039,"2015-04-20","First Class"
1040,"2015-11-17","Standard Class"
1041,"2014-12-10","First Class"
1042,"2016-06-01","Standard Class"
1043,"2014-01-07","Standard Class"
1044,"2015-06-25","Second Class"
1045,"2015-07-13","First Class"
1046,"2015-07-15","Second Class"
1047,"2014-03-17","Same Day"
1048,"2014-09-25","Standard Class"
1049,"2016-03-23","Standard Class"
1050,"2016-12-24","Standard Class"
1051,"2017-12-24","First Class"
1052,"2014-06-07","Second Class"
1053,"2016-03-11","First Class"
1054,"2016-10-06","Second Class"
1055,"2016-05-29","Standard Class"
1056,"2017-11-06","Standard Class"
1057,"2017-11-18","Same Day"
1058,"2015-10-15","Same Day"
1059,"2016-03-12","Standard Class"
1060,"2016-04-14","Standard Class"
1061,"2017-05-22","Standard Class"
1062,"2015-09-22","Same Day"
1063,"2016-06-10","First Class"
1064,"2016-04-14","Second Class"
1065,"2016-09-08","Standard Class"
1066,"2017-04-27","Second Class"
1067,"2017-06-22","Standard Class"
1068,"2016-10-04","Standard Class"
1069,"2017-11-24","Same Day"
1070,"2016-10-04","Same Day"
1071,"2017-03-03","Standard Class"
1072,"2017-10-22","Second Class"
1073,"2015-05-15","Standard Class"
1074,"2017-06-28","Standard Class"
1075,"2015-05-01","First Class"
1076,"2016-07-03","Second Class"
1077,"2017-02-22","Standard Class"
1078,"2015-04-04","Standard Class"
1079,"2014-10-25","Second Class"
1080,"2017-05-10","First Class"
1081,"2017-03-05","Same Day"
1082,"2017-04-29","First Class"
1083,"2017-11-02","Standard Class"
1084,"2016-09-13","First Class"
1085,"2016-12-11","Same Day"
1086,"2015-05-17","Standard Class"
1087,"2014-09-21","Second Class"
1088,"2017-05-31","Second Class"
1089,"2017-10-29","First Class"
1090,"2017-10-25","Standard Class"
1091,"2016-08-03","Second Class"
1092,"2016-10-18","Standard Class"
1093,"2015-08-23","First Class"
1094,"2018-01-01","Second Class"
1095,"2016-12-12","Same Day"
1096,"2017-01-18","Second Class"
1097,"2015-06-18","Standard Class"
1098,"2017-09-04","Second Class"
1099,"2015-09-24","Same Day"
1100,"2014-12-22","First Class"
1101,"2014-05-04","Second Class"
1102,"2016-07-25","Same Day"
1103,"2014-05-23","Standard Class"
1104,"2014-05-31","Standard Class"
1105,"2017-06-12","First Class"
1106,"2017-05-19","Standard Class"
1107,"2016-10-24","First Class"
1108,"2016-03-10","Standard Class"
1109,"2017-05-16","Standard Class"
1110,"2017-02-07","Standard Class"
1111,"2017-06-10","Second Class"
1112,"2014-05-07","First Class"
1113,"2015-07-04","First Class"
1114,"2016-05-14","Same Day"
1115,"2014-11-20","Standard Class"
1116,"2017-05-08","First Class"
1117,"2016-01-13","Second Class"
1118,"2017-11-30","Standard Class"
1119,"2017-02-07","Second Class"
1120,"2014-12-20","Standard Class"
1121,"2014-12-10","Second Class"
1122,"2015-06-15","Standard Class"
1123,"2015-07-26","Same Day"
1124,"2014-09-26","Same Day"
1125,"2016-10-24","Same Day"
1126,"2016-08-10","Second Class"
1127,"2015-05-10","First Class"
1128,"2015-11-04","Second Class"
1129,"2015-06-04","Standard Class"
1130,"2014-12-11","Standard Class"
1131,"2015-08-01","First Class"
1132,"2017-11-23","Second Class"
1133,"2014-01-12","Standard Class"
1134,"2014-04-16","Standard Class"
1135,"2015-08-03","Second Class"
1136,"2015-12-11","Standard Class"
1137,"2017-11-19","Same Day"
1138,"2014-12-28","Standard Class"
1139,"2014-12-15","Standard Class"
1140,"2015-11-23","Second Class"
1141,"2016-07-07","Second Class"
1142,"2017-09-18","First Class"
1143,"2016-04-10","Standard Class"
1144,"2017-12-09","First Class"
1145,"2017-10-21","Standard Class"
1146,"2017-12-04","Same Day"
1147,"2014-11-29","Second Class"
1148,"2016-01-09","Standard Class"
1149,"2016-02-18","Standard Class"
1150,"2014-03-07","Second Class"
1151,"2016-07-11","Standard Class"
1152,"2014-08-27","Second Class"
1153,"2016-12-25","First Class"
1154,"2015-10-17","Standard Class"
1155,"2017-07-26","First Class"
1156,"2017-02-20","Standard Class"
1157,"2015-12-26","Second Class"
1158,"2016-10-21","Standard Class"
1159,"2014-11-16","Second Class"
1160,"2017-09-15","First Class"
1161,"2014-03-11","Second Class"
1162,"2016-11-05","First Class"
1163,"2017-10-06","Same Day"
1164,"2015-09-24","Standard Class"
1165,"2016-01-28","Second Class"
1166,"2015-09-30","Second Class"
1167,"2017-03-27","First Class"
1168,"2014-03-16","Second Class"
1169,"2014-01-17","First Class"
1170,"2017-03-12","Standard Class"
1171,"2016-04-02","Standard Class"
1172,"2017-04-19","First Class"
1173,"2017-06-03","Same Day"
1174,"2014-11-15","Second Class"
1175,"2017-02-17","Standard Class"
1176,"2017-12-12","Second Class"
1177,"2017-08-26","Standard Class"
1178,"2016-09-08","Same Day"
1179,"2017-05-29","Second Class"
1180,"2017-07-13","Second Class"
1181,"2014-05-04","Standard Class"
1182,"2016-08-28","First Class"
1183,"2015-12-02","Standard Class"
1184,"2017-11-13","First Class"
1185,"2015-06-11","Standard Class"
1186,"2015-05-11","Standard Class"
1187,"2015-11-30","First Class"
1188,"2017-09-28","First Class"
1189,"2014-06-05","Standard Class"
1190,"2014-11-30","Standard Class"
1191,"2016-11-15","Same Day"
1192,"2016-05-19","Second Class"
1193,"2016-03-13","First Class"
1194,"2015-03-10","Same Day"
1195,"2014-06-23","Standard Class"
1196,"2016-09-11","First Class"
1197,"2014-05-16","Standard Class"
1198,"2014-04-01","Standard Class"
1199,"2017-07-04","Standard Class"
1200,"2014-09-10","Standard Class"
1201,"2015-12-22","Standard Class"
1202,"2016-07-03","First Class"
1203,"2015-03-20","Second Class"
1204,"2017-05-04","Second Class"
1205,"2014-06-21","Same Day"
1206,"2016-03-26","Second Class"
1207,"2017-01-09","Second Class"
1208,"2015-09-08","Second Class"
1209,"2017-07-17","Second Class"
1210,"2014-02-08","Second Class"
1211,"2014-10-31","First Class"
1212,"2015-11-05","Standard Class"
1213,"2017-08-27","First Class"
1214,"2016-07-17","First Class"
1215,"2017-09-12","Same Day"
1216,"2017-04-21","Standard Class"
1217,"2017-02-27","Standard Class"
1218,"2016-07-23","Standard Class"
1219,"2017-08-12","Standard Class"
1220,"2015-12-10","Second Class"
1221,"2017-05-21","Standard Class"
1222,"2015-12-27","Second Class"
1223,"2017-08-19","First Class"
1224,"2016-12-30","Same Day"
1225,"2017-11-14","First Class"
1226,"2016-10-17","Standard Class"
1227,"2015-12-04","Standard Class"
1228,"2014-07-06","Second Class"
1229,"2017-09-02","Same Day"
1230,"2016-08-19","Standard Class"
1231,"2017-04-17","Standard Class"
1232,"2016-09-04","Standard Class"
1233,"2016-01-21","Standard Class"
1234,"2016-05-26","Standard Class"
1235,"2015-07-13","Standard Class"
1236,"2016-01-07","Second Class"
1237,"2016-11-21","Same Day"
1238,"2015-09-21","First Class"
1239,"2017-09-16","Standard Class"
1240,"2016-07-20","Second Class"
1241,"2014-08-30","Second Class"
1242,"2016-04-11","First Class"
1243,"2015-09-22","Second Class"
1244,"2014-07-10","First Class"
1245,"2014-08-17","First Class"
1246,"2014-11-27","Standard Class"
1247,"2014-12-30","Standard Class"
1248,"2014-07-02","First Class"
1249,"2015-11-29","First Class"
1250,"2015-01-04","Second Class"
1251,"2014-05-22","Second Class"
1252,"2016-02-04","Standard Class"
1253,"2017-04-22","Standard Class"
1254,"2017-04-14","Standard Class"
1255,"2015-09-26","Second Class"
1256,"2015-09-12","First Class"
1257,"2015-01-04","Standard Class"
1258,"2014-08-07","Second Class"
1259,"2015-03-26","First Class"
1260,"2016-08-29","Second Class"
1261,"2016-09-15","Standard Class"
1262,"2014-07-29","Second Class"
1263,"2017-01-27","First Class"
1264,"2015-10-14","First Class"
1265,"2017-08-23","First Class"
1266,"2016-10-14","Standard Class"
1267,"2015-07-26","Second Class"
1268,"2016-12-03","Second Class"
1269,"2017-05-31","First Class"
1270,"2015-03-04","Standard Class"
1271,"2015-05-31","Standard Class"
1272,"2015-07-10","Second Class"
1273,"2016-06-17","First Class"
1274,"2015-12-30","First Class"
1275,"2017-05-06","First Class"
1276,"2017-10-06","Second Class"
1277,"2015-09-28","Standard Class"
1278,"2014-12-01","Standard Class"
1279,"2016-03-25","Standard Class"
1280,"2017-05-19","Same Day"
1281,"2016-07-29","Standard Class"
1282,"2017-01-31","Second Class"
1283,"2016-12-03","Standard Class"
1284,"2016-05-16","Standard Class"
1285,"2017-08-08","Standard Class"
1286,"2017-08-02","First Class"
1287,"2017-09-14","Same Day"
1288,"2015-09-28","Second Class"
1289,"2016-05-09","Standard Class"
1290,"2017-08-20","Same Day"
1291,"2015-10-04","Second Class"
1292,"2017-02-11","Standard Class"
1293,"2017-03-15","Second Class"
1294,"2014-02-18","Standard Class"
1295,"2015-10-01","First Class"
1296,"2016-10-01","Second Class"
1297,"2015-10-22","Standard Class"
1298,"2015-12-15","Standard Class"
1299,"2017-04-04","First Class"
1300,"2015-07-20","Standard Class"
1301,"2016-12-10","Same Day"
1302,"2016-02-07","Same Day"
1303,"2016-08-14","Second Class"
1304,"2016-08-05","Second Class"
1305,"2017-03-24","Standard Class"
1306,"2017-03-10","Standard Class"
1307,"2015-11-09","First Class"
1308,"2015-12-24","First Class"
1309,"2016-11-05","Standard Class"
1310,"2017-11-19","Standard Class"
1311,"2016-06-29","Second Class"
1312,"2014-03-09","Standard Class"
1313,"2017-12-28","First Class"
1314,"2016-11-16","Second Class"
1315,"2017-07-14","Second Class"
1316,"2015-02-13","Standard Class"
1317,"2017-01-06","Standard Class"
1318,"2017-12-25","Standard Class"
1319,"2016-11-17","First Class"
1320,"2015-03-09","Standard Class"
1321,"2017-11-30","Same Day"
1322,"2014-09-07","Standard Class"
1323,"2015-11-08","First Class"
1324,"2016-12-05","Standard Class"
1325,"2016-05-24","Standard Class"
1326,"2014-10-04","Standard Class"
1327,"2016-12-31","Standard Class"
1328,"2016-07-31","Standard Class"
1329,"2016-08-14","Standard Class"
1330,"2017-11-27","Standard Class"
1331,"2014-03-31","Second Class"
1332,"2015-09-02","Standard Class"
1333,"2015-06-23","First Class"
1334,"2017-07-17","Standard Class"
1335,"2017-08-30","First Class"
1336,"2015-11-11","Standard Class"
1337,"2017-11-12","Same Day"
1338,"2017-11-03","Standard Class"
1339,"2017-05-15","Second Class"
1340,"2015-11-21","First Class"
1341,"2015-02-13","Second Class"
1342,"2017-07-10","First Class"
1343,"2014-11-16","Standard Class"
1344,"2015-11-08","Same Day"
1345,"2017-05-05","Standard Class"
1346,"2015-12-06","First Class"
1347,"2017-06-20","First Class"
1348,"2015-03-07","Second Class"
1349,"2017-06-13","Standard Class"
1350,"2016-01-20","Standard Class"
1351,"2017-02-08","Standard Class"
1352,"2014-09-23","Second Class"
1353,"2017-09-01","Standard Class"
1354,"2014-12-03","Standard Class"
1355,"2015-10-09","Standard Class"
1356,"2014-12-20","Second Class"
1357,"2014-10-26","Standard Class"
1358,"2014-05-05","First Class"
1359,"2017-02-25","Second Class"
1360,"2016-09-16","Standard Class"
1361,"2016-07-11","Same Day"
1362,"2014-10-08","Second Class"
1363,"2015-04-24","Standard Class"
1364,"2017-12-26","Standard Class"
1365,"2014-11-07","Second Class"
1366,"2016-08-20","Standard Class"
1367,"2017-12-10","First Class"
1368,"2016-07-26","First Class"
1369,"2015-02-27","Standard Class"
1370,"2017-02-28","Standard Class"
1371,"2014-02-04","Standard Class"
1372,"2014-03-26","First Class"
1373,"2014-10-16","Standard Class"
1374,"2016-01-01","Standard Class"
1375,"2017-08-13","First Class"
1376,"2015-08-09","Second Class"
1377,"2015-05-07","Standard Class"
1378,"2016-10-31","First Class"
1379,"2016-11-04","Same Day"
1380,"2014-03-14","Second Class"
1381,"2015-08-26","Second Class"
1382,"2016-01-23","Second Class"
1383,"2015-09-01","Standard Class"
1384,"2015-12-03","Standard Class"
1385,"2016-10-05","Standard Class"
1386,"2015-09-15","Standard Class"
1387,"2014-03-21","Standard Class"
1388,"2014-07-22","First Class"
1389,"2017-05-20","Same Day"
1390,"2016-12-08","Second Class"
1391,"2017-03-28","Standard Class"
1392,"2015-09-23","Second Class"
1393,"2014-11-15","First Class"
1394,"2015-09-17","Second Class"
1395,"2017-04-01","Standard Class"
1396,"2017-03-26","First Class"
1397,"2017-03-23","Second Class"
1398,"2017-09-03","Second Class"
1399,"2016-07-25","Standard Class"
1400,"2015-12-18","Standard Class"
1401,"2014-05-23","Second Class"
1402,"2014-04-05","Standard Class"
1403,"2016-04-21","Same Day"
1404,"2017-11-11","Second Class"
1405,"2017-09-22","Standard Class"
1406,"2017-12-08","Standard Class"
1407,"2017-06-21","Standard Class"
1408,"2015-09-05","Standard Class"
1409,"2017-07-01","Standard Class"
1410,"2014-05-26","Standard Class"
1411,"2014-04-18","Standard Class"
1412,"2017-08-22","Second Class"
1413,"2015-05-09","Second Class"
1414,"2017-12-06","First Class"
1415,"2017-03-15","Standard Class"
1416,"2015-12-08","Second Class"
1417,"2016-03-17","Standard Class"
1418,"2016-03-22","Same Day"
1419,"2017-06-07","Standard Class"
1420,"2016-12-02","Standard Class"
1421,"2015-04-20","Standard Class"
1422,"2015-03-06","Standard Class"
1423,"2017-09-24","First Class"
1424,"2014-08-26","First Class"
1425,"2016-09-24","Second Class"
1426,"2017-09-27","First Class"
1427,"2017-05-17","Standard Class"
1428,"2017-07-09","Second Class"
1429,"2015-06-28","Standard Class"
1430,"2017-07-23","Standard Class"
1431,"2014-07-03","Second Class"
1432,"2015-03-13","Standard Class"
1433,"2015-04-18","First Class"
1434,"2016-04-23","Standard Class"
1435,"2015-05-01","Standard Class"
1436,"2017-07-04","Second Class"
1437,"2014-11-17","Second Class"
1438,"2016-04-24","First Class"
1439,"2015-06-07","Standard Class"
1440,"2016-08-13","Standard Class"
1441,"2014-04-07","First Class"
1442,"2015-12-16","Second Class"
1443,"2015-02-01","Standard Class"
1444,"2015-07-05","Standard Class"
1445,"2014-11-02","Standard Class"
1446,"2014-11-24","Same Day"
1447,"2016-01-27","Standard Class"
1448,"2014-11-26","Second Class"
1449,"2016-09-18","Standard Class"
1450,"2015-05-17","First Class"
1451,"2016-09-08","First Class"
1452,"2014-06-28","Standard Class"
1453,"2016-09-01","Second Class"
1454,"2016-08-11","Standard Class"
1455,"2015-10-12","Second Class"
1456,"2014-06-27","Standard Class"
1457,"2017-08-15","Second Class"
1458,"2017-08-05","Second Class"
1459,"2016-12-10","Standard Class"
1460,"2017-03-08","Standard Class"
1461,"2017-08-19","Standard Class"
1462,"2016-01-02","Second Class"
1463,"2017-09-12","Standard Class"
1464,"2016-03-22","Second Class"
1465,"2016-03-16","First Class"
1466,"2017-09-09","First Class"
1467,"2015-02-24","Second Class"
1468,"2015-01-29","Second Class"
1469,"2015-03-25","First Class"
1470,"2015-04-29","Standard Class"
1471,"2015-09-29","Standard Class"
1472,"2014-06-12","Standard Class"
1473,"2017-04-15","First Class"
1474,"2014-04-04","Standard Class"
1475,"2016-03-31","Standard Class"
1476,"2014-12-16","First Class"
1477,"2014-01-23","Second Class"
1478,"2016-09-05","Standard Class"
1479,"2014-12-01","First Class"
1480,"2017-12-17","Standard Class"
1481,"2014-05-10","First Class"
1482,"2016-03-28","Standard Class"
1483,"2016-06-11","Standard Class"
1484,"2014-12-17","Second Class"
1485,"2015-11-07","Standard Class"
1486,"2015-06-24","Standard Class"
1487,"2014-06-15","Second Class"
1488,"2016-05-14","Standard Class"
1489,"2014-07-23","First Class"
1490,"2015-09-05","First Class"
1491,"2015-09-24","First Class"
1492,"2014-10-09","First Class"
1493,"2016-07-07","Standard Class"
1494,"2015-10-06","Standard Class"
1495,"2016-06-09","Standard Class"
1496,"2015-10-24","Standard Class"
1497,"2017-09-30","Standard Class"
1498,"2016-06-06","First Class"
1499,"2015-12-11","Same Day"
1500,"2015-04-28","Second Class"
1501,"2017-05-11","Standard Class"
1502,"2017-11-25","Standard Class"
1503,"2016-09-01","Standard Class"
1504,"2017-08-31","Standard Class"
1505,"2016-06-28","Standard Class"
1506,"2016-03-25","First Class"
1507,"2015-09-23","Standard Class"
1508,"2014-11-25","First Class"
1509,"2015-07-10","Same Day"
1510,"2016-12-21","Second Class"
1511,"2015-10-08","Standard Class"
1512,"2015-03-20","First Class"
1513,"2016-02-03","Standard Class"
1514,"2016-10-28","Second Class"
1515,"2016-08-04","Second Class"
1516,"2015-11-25","Second Class"
1517,"2014-01-14","First Class"
1518,"2016-04-11","Standard Class"
1519,"2016-12-18","Standard Class"
1520,"2017-07-06","Standard Class"
1521,"2016-06-14","Second Class"
1522,"2017-12-14","Same Day"
1523,"2016-04-17","Standard Class"
1524,"2015-01-10","Standard Class"
1525,"2017-04-16","Standard Class"
1526,"2017-01-25","Second Class"
1527,"2017-08-03","First Class"
1528,"2015-07-12","First Class"
1529,"2017-04-20","Standard Class"
1530,"2017-11-07","Second Class"
1531,"2014-12-14","Standard Class"
1532,"2016-05-02","Standard Class"
1533,"2016-09-25","Standard Class"
1534,"2016-12-16","Second Class"
1535,"2014-10-28","Standard Class"
1536,"2014-09-19","Standard Class"
1537,"2016-08-29","Standard Class"
1538,"2016-12-07","Standard Class"
1539,"2017-11-05","Second Class"
1540,"2017-05-09","Second Class"
1541,"2014-02-06","Standard Class"
1542,"2015-05-23","Standard Class"
1543,"2014-02-21","Standard Class"
1544,"2016-03-19","Second Class"
1545,"2017-08-12","Same Day"
1546,"2015-04-14","First Class"
1547,"2015-08-31","Standard Class"
1548,"2017-11-10","Second Class"
1549,"2014-10-06","Standard Class"
1550,"2016-11-15","First Class"
1551,"2017-08-18","Second Class"
1552,"2016-11-15","Second Class"
1553,"2015-02-16","Standard Class"
1554,"2014-06-07","Standard Class"
1555,"2014-11-08","Second Class"
1556,"2017-11-26","Standard Class"
1557,"2016-11-13","Standard Class"
1558,"2016-01-15","Standard Class"
1559,"2015-06-09","Second Class"
1560,"2015-11-12","Standard Class"
1561,"2015-03-30","Second Class"
1562,"2016-01-31","First Class"
1563,"2014-07-11","Standard Class"
1564,"2016-10-02","Standard Class"
1565,"2016-12-19","Standard Class"
1566,"2017-04-05","Second Class"
1567,"2016-07-06","First Class"
1568,"2014-04-25","Standard Class"
1569,"2017-01-24","Second Class"
1570,"2017-03-20","Same Day"
1571,"2015-02-11","Second Class"
1572,"2015-10-09","Second Class"
1573,"2017-05-30","Second Class"
1574,"2015-12-05","Second Class"
1575,"2016-04-09","First Class"
1576,"2015-05-03","Standard Class"
1577,"2017-04-27","First Class"
1578,"2017-12-18","Standard Class"
1579,"2015-09-15","Same Day"
1580,"2014-08-12","Standard Class"
1581,"2017-04-03","First Class"
1582,"2015-12-14","Standard Class"
1583,"2016-03-25","Second Class"
1584,"2016-09-25","First Class"
1585,"2017-01-25","Standard Class"
1586,"2016-07-16","First Class"
1587,"2015-11-03","Standard Class"
1588,"2016-09-14","Second Class"
1589,"2017-12-16","Standard Class"
1590,"2016-01-29","Standard Class"
1591,"2014-05-11","Standard Class"
1592,"2017-11-15","Second Class"
1593,"2017-09-09","Second Class"
1594,"2017-09-18","Second Class"
1595,"2014-02-24","Standard Class"
1596,"2017-12-06","Second Class"
1597,"2015-05-08","Standard Class"
1598,"2016-06-16","Standard Class"
1599,"2017-05-05","Second Class"
1600,"2017-08-17","Standard Class"
1601,"2015-12-12","First Class"
1602,"2016-09-17","Standard Class"
1603,"2015-11-21","Second Class"
1604,"2015-10-07","First Class"
1605,"2016-08-08","Standard Class"
1606,"2014-10-30","Second Class"
1607,"2017-04-06","Standard Class"
1608,"2016-12-07","Second Class"
1609,"2017-12-03","First Class"
1610,"2017-08-22","First Class"
1611,"2015-06-16","Standard Class"
1612,"2016-09-02","Standard Class"
1613,"2017-08-25","Second Class"
1614,"2016-02-06","Standard Class"
1615,"2014-04-15","Same Day"
1616,"2015-10-23","Same Day"
1617,"2014-03-29","Second Class"
1618,"2015-09-08","First Class"
1619,"2014-04-17","Second Class"
1620,"2016-09-20","First Class"
1621,"2016-05-10","First Class"
1622,"2014-01-10","Standard Class"
1623,"2016-09-03","Second Class"
1624,"2016-04-05","Standard Class"
1625,"2014-08-09","Standard Class"
1626,"2016-08-02","Standard Class"
1627,"2014-10-18","Standard Class"
1628,"2014-05-24","Standard Class"
1629,"2017-11-02","Second Class"
1630,"2017-04-25","Second Class"
1631,"2017-11-22","Standard Class"
1632,"2015-05-22","Standard Class"
1633,"2017-12-03","Second Class"
1634,"2015-03-04","First Class"
1635,"2015-11-04","First Class"
1636,"2017-12-23","Second Class"
1637,"2017-09-28","Standard Class"
1638,"2014-09-23","Standard Class"
1639,"2014-12-17","First Class"
1640,"2016-04-13","Standard Class"
1641,"2017-09-15","Standard Class"
1642,"2017-07-10","Standard Class"
1643,"2017-06-27","Standard Class"
1644,"2017-09-21","Second Class"
1645,"2015-07-04","Standard Class"
1646,"2017-03-09","Standard Class"
1647,"2017-08-30","Second Class"
1648,"2016-04-29","Second Class"
1649,"2016-07-26","Second Class"
1650,"2016-05-29","Second Class"
1651,"2014-09-16","Second Class"
1652,"2014-09-13","Second Class"
1653,"2016-08-22","Standard Class"
1654,"2017-06-13","First Class"
1655,"2016-11-23","Standard Class"
1656,"2015-10-31","Same Day"
1657,"2017-03-16","Standard Class"
1658,"2016-11-29","First Class"
1659,"2016-11-17","Second Class"
1660,"2015-11-01","Standard Class"
1661,"2015-04-16","Standard Class"
1662,"2014-08-24","Standard Class"
1663,"2015-07-08","Standard Class"
1664,"2017-04-03","Standard Class"
1665,"2015-04-10","First Class"
1666,"2017-02-05","First Class"
1667,"2017-12-19","First Class"
1668,"2015-05-31","First Class"
1669,"2016-12-26","Standard Class"
1670,"2016-10-12","Standard Class"
1671,"2017-10-15","First Class"
1672,"2014-10-14","Standard Class"
1673,"2017-03-29","Second Class"
1674,"2017-01-08","Standard Class"
1675,"2015-12-10","Standard Class"
1676,"2015-06-24","Second Class"
1677,"2015-11-17","Second Class"
1678,"2017-06-11","Same Day"
1679,"2015-03-23","Standard Class"
1680,"2016-08-28","Standard Class"
1681,"2015-05-04","Second Class"
1682,"2017-06-03","Standard Class"
1683,"2017-05-02","Standard Class"
1684,"2015-11-18","First Class"
1685,"2016-10-02","First Class"
1686,"2017-01-18","Standard Class"
1687,"2017-07-27","Standard Class"
1688,"2014-12-02","Standard Class"
1689,"2016-07-03","Same Day"
1690,"2015-09-21","Standard Class"
1691,"2016-07-13","Standard Class"
1692,"2016-03-27","First Class"
1693,"2014-10-15","First Class"
1694,"2017-05-21","Second Class"
1695,"2015-10-30","Second Class"
1696,"2014-03-08","First Class"
1697,"2014-05-29","Standard Class"
1698,"2016-05-20","Same Day"
1699,"2017-04-25","First Class"
1700,"2014-04-26","Second Class"
1701,"2016-11-27","Second Class"
1702,"2015-01-13","Standard Class"
1703,"2015-05-28","Standard Class"
1704,"2017-03-10","Second Class"
1705,"2017-08-08","Second Class"
1706,"2017-08-28","Standard Class"
1707,"2015-08-08","Same Day"
1708,"2015-03-27","Second Class"
1709,"2017-09-07","Second Class"
1710,"2017-09-12","First Class"
1711,"2016-01-20","Second Class"
1712,"2016-03-24","Standard Class"
1713,"2017-10-16","First Class"
1714,"2016-12-06","First Class"
1715,"2017-09-10","Same Day"
1716,"2016-09-29","Standard Class"
1717,"2014-03-13","Second Class"
1718,"2017-11-21","Second Class"
1719,"2015-08-16","Standard Class"
1720,"2014-04-23","Second Class"
1721,"2016-04-29","Standard Class"
1722,"2015-02-22","Standard Class"
1723,"2017-08-21","Standard Class"
1724,"2017-06-27","First Class"
1725,"2016-08-30","First Class"
1726,"2017-07-31","Same Day"
1727,"2016-08-01","Standard Class"
1728,"2015-06-11","Second Class"
1729,"2014-04-22","Standard Class"
1730,"2015-11-22","Standard Class"
1731,"2016-04-19","Second Class"
1732,"2017-08-05","Standard Class"
1733,"2016-09-09","Second Class"
1734,"2015-12-06","Same Day"
1735,"2014-07-20","Standard Class"
1736,"2016-02-26","Standard Class"
1737,"2014-12-08","Standard Class"
1738,"2015-09-25","First Class"
1739,"2017-12-14","Second Class"
1740,"2017-11-03","Second Class"
1741,"2016-06-02","Standard Class"
1742,"2017-06-27","Second Class"
1743,"2016-02-09","First Class"
1744,"2017-07-02","Standard Class"
1745,"2017-11-05","First Class"
1746,"2014-03-19","Standard Class"
1747,"2017-05-31","Standard Class"
1748,"2016-06-07","First Class"
1749,"2014-08-29","Standard Class"
1750,"2014-07-25","Standard Class"
1751,"2016-04-25","Standard Class"
1752,"2016-06-14","Same Day"
1753,"2016-11-24","Standard Class"
1754,"2015-08-28","Second Class"
1755,"2014-04-10","First Class"
1756,"2014-12-11","Second Class"
1757,"2017-11-09","Standard Class"
1758,"2017-03-17","Standard Class"
1759,"2016-03-31","First Class"
1760,"2016-08-04","Standard Class"
1761,"2014-07-19","Standard Class"
1762,"2014-06-03","Standard Class"
1763,"2015-08-25","Standard Class"
1764,"2017-10-05","First Class"
1765,"2017-06-23","Standard Class"
1766,"2015-10-29","Standard Class"
1767,"2015-01-01","First Class"
1768,"2017-10-07","Standard Class"
1769,"2015-06-17","Standard Class"
1770,"2016-06-27","Second Class"
1771,"2014-07-27","Standard Class"
1772,"2017-03-19","Standard Class"
1773,"2014-01-15","Standard Class"
1774,"2017-10-06","First Class"
1775,"2016-07-21","Same Day"
1776,"2014-11-10","Standard Class"
1777,"2014-06-01","Second Class"
1778,"2017-10-07","First Class"
1779,"2015-03-22","First Class"
1780,"2014-08-26","Standard Class"
1781,"2017-10-27","Standard Class"
1782,"2016-10-24","Second Class"
1783,"2017-07-03","Second Class"
1784,"2015-01-28","Standard Class"
1785,"2014-09-12","Second Class"
1786,"2014-09-24","First Class"
1787,"2015-04-08","Standard Class"
1788,"2016-11-23","Same Day"
1789,"2016-11-13","Second Class"
1790,"2017-10-21","Same Day"
1791,"2016-04-26","First Class"
1792,"2015-06-02","Standard Class"
1793,"2015-01-02","Standard Class"
1794,"2016-02-11","Second Class"
1795,"2016-03-02","Standard Class"
1796,"2016-08-17","Second Class"
1797,"2015-12-26","First Class"
1798,"2016-01-19","Standard Class"
1799,"2014-03-23","Standard Class"
1800,"2017-01-01","Standard Class"
1801,"2016-03-12","First Class"
1802,"2016-09-21","First Class"
1803,"2017-07-21","Same Day"
1804,"2016-04-05","Second Class"
1805,"2015-05-16","Second Class"
1806,"2016-09-06","First Class"
1807,"2014-08-20","Standard Class"
1808,"2017-12-01","First Class"
1809,"2015-04-26","Standard Class"
1810,"2017-03-20","Standard Class"
1811,"2016-12-25","Standard Class"
1812,"2015-04-30","Standard Class"
1813,"2015-07-18","Standard Class"
1814,"2016-03-06","Standard Class"
1815,"2015-05-31","Same Day"
1816,"2017-09-05","Standard Class"
1817,"2014-06-06","Standard Class"
1818,"2016-02-09","Standard Class"
1819,"2014-04-15","Standard Class"
1820,"2014-10-18","Second Class"
1821,"2017-03-06","Second Class"
1822,"2015-08-16","First Class"
1823,"2017-08-13","Second Class"
1824,"2014-11-18","Standard Class"
1825,"2015-06-23","Standard Class"
1826,"2016-03-15","Second Class"
1827,"2015-03-31","Second Class"
1828,"2014-03-03","First Class"
1829,"2015-12-30","Second Class"
1830,"2015-10-13","Second Class"
1831,"2017-03-15","First Class"
1832,"2015-08-21","Standard Class"
1833,"2016-09-24","Same Day"
1834,"2017-12-23","Same Day"
1835,"2017-10-04","Second Class"
1836,"2014-05-30","First Class"
1837,"2016-11-08","Second Class"
1838,"2016-11-07","Second Class"
1839,"2017-09-26","Second Class"
1840,"2017-01-16","Same Day"
1841,"2014-03-08","Standard Class"
1842,"2017-08-15","First Class"
1843,"2016-05-31","Same Day"
1844,"2015-06-08","Second Class"
1845,"2015-02-14","Second Class"
1846,"2017-12-10","Same Day"
1847,"2014-02-18","Same Day"
1848,"2017-03-28","Second Class"
1849,"2015-05-16","Same Day"
1850,"2016-10-10","First Class"
1851,"2016-12-17","Standard Class"
1852,"2016-10-26","Second Class"
1853,"2017-09-23","Second Class"
1854,"2014-09-18","Second Class"
1855,"2017-02-25","Standard Class"
1856,"2015-03-18","Second Class"
1857,"2015-12-19","Standard Class"
1858,"2017-07-12","First Class"
1859,"2017-08-09","Standard Class"
1860,"2017-11-16","First Class"
1861,"2015-08-09","First Class"
1862,"2014-05-15","Second Class"
1863,"2014-04-09","Standard Class"
1864,"2017-04-08","Standard Class"
1865,"2017-10-28","First Class"
1866,"2016-11-28","First Class"
1867,"2017-08-04","Second Class"
1868,"2015-09-24","Second Class"
1869,"2017-11-01","Second Class"
1870,"2014-11-05","Same Day"
1871,"2015-11-20","Standard Class"
1872,"2017-01-01","First Class"
1873,"2016-05-01","Standard Class"
1874,"2016-11-19","Second Class"
1875,"2015-03-27","First Class"
1876,"2015-10-13","Standard Class"
1877,"2016-12-25","Second Class"
1878,"2016-12-12","Standard Class"
1879,"2017-05-18","Standard Class"
1880,"2014-12-30","Second Class"
1881,"2016-06-12","First Class"
1882,"2014-07-21","Standard Class"
1883,"2015-05-29","Second Class"
1884,"2016-08-06","Standard Class"
1885,"2017-11-29","Standard Class"
1886,"2017-08-16","Standard Class"
1887,"2016-11-30","Second Class"
1888,"2016-12-16","Standard Class"
1889,"2016-04-17","First Class"
1890,"2017-02-02","Standard Class"
1891,"2014-07-09","Standard Class"
1892,"2017-02-09","Standard Class"
1893,"2017-11-28","Standard Class"
1894,"2014-05-09","Same Day"
1895,"2015-09-29","First Class"
1896,"2015-08-15","Standard Class"
1897,"2017-02-12","Standard Class"
1898,"2015-12-15","Second Class"
1899,"2014-05-09","Second Class"
1900,"2017-05-22","Second Class"
1901,"2016-11-10","Standard Class"
1902,"2016-11-30","Same Day"
1903,"2014-10-29","Standard Class"
1904,"2015-08-10","Second Class"
1905,"2015-03-05","Same Day"
1906,"2014-07-03","Standard Class"
1907,"2016-06-15","First Class"
1908,"2014-04-13","Second Class"
1909,"2015-06-20","Standard Class"
1910,"2014-12-06","Second Class"
1911,"2015-04-15","Second Class"
1912,"2014-11-02","Second Class"
1913,"2014-07-05","Same Day"
1914,"2016-11-28","Second Class"
1915,"2017-04-15","Standard Class"
1916,"2014-07-01","Standard Class"
1917,"2016-03-20","Second Class"
1918,"2017-09-01","Same Day"
1919,"2016-07-29","First Class"
1920,"2014-10-17","First Class"
1921,"2014-03-26","Standard Class"
1922,"2017-03-25","Standard Class"
1923,"2016-07-22","Second Class"
1924,"2015-12-26","Standard Class"
1925,"2017-02-23","Standard Class"
1926,"2014-07-18","Same Day"
1927,"2016-08-29","First Class"
1928,"2014-12-12","Standard Class"
1929,"2017-11-08","Standard Class"
1930,"2016-05-18","First Class"
1931,"2014-10-19","Same Day"
1932,"2015-01-08","Second Class"
1933,"2017-11-07","Standard Class"
1934,"2017-04-24","First Class"
1935,"2017-08-28","Second Class"
1936,"2017-06-04","Same Day"
1937,"2016-02-27","Standard Class"
1938,"2014-08-02","Standard Class"
1939,"2017-10-14","First Class"
1940,"2015-01-09","Standard Class"
1941,"2017-08-06","Standard Class"
1942,"2014-04-10","Standard Class"
1943,"2014-10-01","Standard Class"
1944,"2016-06-05","First Class"
1945,"2017-06-06","First Class"
1946,"2017-10-03","First Class"
1947,"2016-03-11","Standard Class"
1948,"2015-06-13","Standard Class"
1949,"2014-04-24","Second Class"
1950,"2017-08-27","Same Day"
1951,"2016-11-07","Standard Class"
1952,"2014-04-21","Second Class"
1953,"2016-07-18","Standard Class"
1954,"2015-03-20","Standard Class"
1955,"2014-06-10","Second Class"
1956,"2017-04-01","Second Class"
1957,"2015-04-23","Standard Class"
1958,"2015-08-13","Same Day"
1959,"2017-06-19","Second Class"
1960,"2015-02-07","Standard Class"
1961,"2015-02-28","First Class"
1962,"2016-11-01","Standard Class"
1963,"2016-09-07","Standard Class"
1964,"2015-09-27","First Class"
1965,"2015-10-03","First Class"
1966,"2015-03-22","Same Day"
1967,"2014-02-02","Standard Class"
1968,"2015-11-25","Standard Class"
1969,"2016-09-05","Second Class"
1970,"2014-06-24","First Class"
1971,"2016-11-03","Standard Class"
1972,"2014-11-12","Standard Class"
1973,"2014-08-13","Standard Class"
1974,"2015-09-21","Same Day"
1975,"2016-09-08","Second Class"
1976,"2017-11-30","Second Class"
1977,"2014-04-30","Standard Class"
1978,"2015-08-20","Standard Class"
1979,"2016-01-02","Standard Class"
1980,"2015-03-22","Standard Class"
1981,"2014-07-15","Second Class"
1982,"2015-06-12","First Class"
1983,"2016-07-02","First Class"
1984,"2014-11-03","Second Class"
1985,"2015-10-04","First Class"
1986,"2014-07-30","Standard Class"
1987,"2016-05-21","Standard Class"
1988,"2016-12-04","Second Class"
1989,"2017-11-12","Second Class"
1990,"2016-06-04","Standard Class"
1991,"2017-01-29","Standard Class"
1992,"2017-12-23","Standard Class"
1993,"2014-08-27","Standard Class"
1994,"2017-06-18","Standard Class"
1995,"2016-04-20","Standard Class"
1996,"2017-01-18","First Class"
1997,"2015-10-11","First Class"
1998,"2016-06-21","First Class"
1999,"2014-08-15","Standard Class"
2000,"2014-10-03","Second Class"
2001,"2016-03-08","Standard Class"
2002,"2014-11-22","Standard Class"
2003,"2017-03-18","Second Class"
2004,"2014-10-13","Second Class"
2005,"2015-10-27","Second Class"
2006,"2017-10-05","Second Class"
2007,"2017-05-30","Standard Class"
2008,"2016-07-19","Standard Class"
2009,"2016-10-22","Same Day"
2010,"2014-09-14","Second Class"
2011,"2016-01-28","Standard Class"
2012,"2015-05-16","Standard Class"
2013,"2017-09-08","Standard Class"
2014,"2014-07-30","Second Class"
2015,"2017-09-11","Standard Class"
2016,"2015-12-29","Standard Class"
2017,"2014-03-21","First Class"
2018,"2015-03-28","Second Class"
2019,"2016-11-08","Standard Class"
2020,"2016-11-01","Second Class"
2021,"2015-06-28","First Class"
2022,"2015-02-19","Standard Class"
2023,"2016-10-28","Standard Class"
2024,"2017-06-12","Standard Class"
2025,"2017-04-19","Standard Class"
2026,"2017-08-10","Standard Class"
2027,"2016-07-12","Standard Class"
2028,"2017-08-16","Second Class"
2029,"2016-03-01","Second Class"
2030,"2014-12-17","Standard Class"
2031,"2014-08-11","Standard Class"
2032,"2017-08-23","Second Class"
2033,"2017-03-29","Standard Class"
2034,"2017-09-13","Standard Class"
2035,"2014-12-03","First Class"
2036,"2017-09-07","Same Day"
2037,"2016-12-09","Second Class"
2038,"2017-06-30","Same Day"
2039,"2017-08-24","Standard Class"
2040,"2015-08-17","Standard Class"
2041,"2014-09-05","Standard Class"
2042,"2014-12-09","Standard Class"
2043,"2014-10-05","Standard Class"
2044,"2017-05-19","First Class"
2045,"2015-04-22","Second Class"
2046,"2017-03-20","Second Class"
2047,"2015-07-27","Standard Class"
2048,"2017-08-01","Standard Class"
2049,"2017-05-14","Same Day"
2050,"2014-07-17","Standard Class"
2051,"2017-02-13","Standard Class"
2052,"2017-01-10","First Class"
2053,"2017-09-07","Standard Class"
2054,"2016-05-05","Standard Class"
2055,"2014-10-10","Standard Class"
2056,"2017-10-14","Second Class"
2057,"2015-10-30","Same Day"
2058,"2017-04-10","Same Day"
2059,"2017-09-08","Second Class"
2060,"2016-07-21","Standard Class"
2061,"2017-06-26","Second Class"
2062,"2016-12-01","Standard Class"
2063,"2017-05-25","Second Class"
2064,"2016-06-24","Standard Class"
2065,"2017-06-23","First Class"
2066,"2014-10-17","Standard Class"
2067,"2014-02-24","First Class"
2068,"2015-04-10","Standard Class"
2069,"2016-11-25","Standard Class"
2070,"2017-09-13","First Class"
2071,"2017-12-10","Standard Class"
2072,"2016-10-21","Second Class"
2073,"2015-12-24","Second Class"
2074,"2014-08-29","First Class"
2075,"2014-11-27","Second Class"
2076,"2018-01-04","Standard Class"
2077,"2017-10-31","Standard Class"
2078,"2017-01-30","Same Day"
2079,"2016-08-05","First Class"
2080,"2016-08-26","Standard Class"
2081,"2014-03-31","Same Day"
2082,"2014-09-28","Standard Class"
2083,"2017-11-04","Second Class"
2084,"2014-11-21","First Class"
2085,"2017-12-27","Second Class"
2086,"2014-12-23","First Class"
2087,"2015-11-01","Second Class"
2088,"2017-06-16","Standard Class"
2089,"2016-11-02","Standard Class"
2090,"2016-10-13","Standard Class"
2091,"2014-05-15","Standard Class"
2092,"2017-01-02","Standard Class"
2093,"2014-11-13","First Class"
2094,"2016-06-09","Second Class"
2095,"2015-12-23","Second Class"
2096,"2016-07-08","Standard Class"
2097,"2015-03-29","Standard Class"
2098,"2014-04-08","Standard Class"
2099,"2017-10-29","Standard Class"
2100,"2014-06-06","Second Class"
2101,"2014-11-29","Standard Class"
2102,"2016-12-11","Second Class"
2103,"2017-05-25","Standard Class"
2104,"2016-10-07","Standard Class"
2105,"2015-07-01","Standard Class"
2106,"2017-08-02","Standard Class"
2107,"2017-07-18","Second Class"
2108,"2016-12-24","First Class"
2109,"2016-05-05","First Class"
2110,"2015-01-27","Standard Class"
2111,"2015-10-03","Second Class"
2112,"2015-10-26","Standard Class"
2113,"2017-03-21","Standard Class"
2114,"2015-09-09","Standard Class"
2115,"2014-04-22","Second Class"
2116,"2014-11-12","Same Day"
2117,"2016-06-04","Same Day"
2118,"2014-05-19","Standard Class"
2119,"2017-05-10","Standard Class"
2120,"2017-07-14","Standard Class"
2121,"2015-05-20","Second Class"
2122,"2015-10-15","Standard Class"
2123,"2015-06-29","Second Class"
2124,"2017-10-18","Second Class"
2125,"2017-01-16","First Class"
2126,"2015-07-08","Second Class"
2127,"2015-12-07","Second Class"
2128,"2017-09-11","Same Day"
2129,"2015-07-20","Second Class"
2130,"2017-05-18","Second Class"
2131,"2017-06-14","Second Class"
2132,"2016-10-26","Standard Class"
2133,"2014-06-10","Standard Class"
2134,"2016-07-03","Standard Class"
2135,"2015-07-05","First Class"
2136,"2016-05-06","First Class"
2137,"2017-09-06","Second Class"
2138,"2014-01-26","Standard Class"
2139,"2015-05-30","Standard Class"
2140,"2014-02-02","First Class"
2141,"2017-08-01","Second Class"
2142,"2016-04-08","Standard Class"
2143,"2015-08-19","Standard Class"
2144,"2016-09-28","Second Class"
2145,"2017-02-13","First Class"
2146,"2015-06-04","Same Day"
2147,"2015-03-15","First Class"
2148,"2014-07-04","Standard Class"
2149,"2014-11-28","Same Day"
2150,"2015-07-22","Standard Class"
2151,"2015-12-02","Same Day"
2152,"2016-02-20","Standard Class"
2153,"2016-06-06","Standard Class"
2154,"2017-12-20","Standard Class"
2155,"2017-03-01","Standard Class"
2156,"2017-01-28","Standard Class"
2157,"2015-03-22","Second Class"
2158,"2014-09-24","Second Class"
2159,"2016-04-12","Standard Class"
2160,"2015-08-25","First Class"
2161,"2015-11-02","Standard Class"
2162,"2014-04-03","Standard Class"
2163,"2015-11-11","Same Day"
2164,"2016-06-18","Standard Class"
2165,"2017-04-14","Second Class"
2166,"2016-02-25","Standard Class"
2167,"2017-11-17","Standard Class"
2168,"2016-06-10","Standard Class"
2169,"2014-11-14","Standard Class"
2170,"2017-08-03","Second Class"
2171,"2015-10-18","Standard Class"
2172,"2016-05-12","First Class"
2173,"2014-12-16","Standard Class"
2174,"2017-07-07","First Class"
2175,"2016-11-18","First Class"
2176,"2017-05-20","First Class"
2177,"2014-03-08","Second Class"
2178,"2015-07-06","Standard Class"
2179,"2015-07-17","Second Class"
2180,"2016-08-18","Second Class"
2181,"2017-09-24","Same Day"
2182,"2015-01-03","Second Class"
2183,"2017-09-09","Standard Class"
2184,"2017-10-24","Standard Class"
2185,"2017-12-28","Second Class"
2186,"2017-01-19","Standard Class"
2187,"2014-12-19","Second Class"
2188,"2016-09-01","First Class"
2189,"2017-04-28","Standard Class"
2190,"2017-03-25","First Class"
2191,"2014-03-21","Second Class"
2192,"2017-12-27","First Class"
2193,"2016-05-20","Standard Class"
2194,"2016-06-20","Second Class"
2195,"2016-12-05","Second Class"
2196,"2016-07-23","Second Class"
2197,"2014-06-24","Standard Class"
2198,"2015-08-10","Standard Class"
2199,"2016-11-12","Standard Class"
2200,"2017-04-29","Second Class"
2201,"2014-12-15","Second Class"
2202,"2015-10-20","Second Class"
2203,"2014-09-27","Standard Class"
2204,"2015-11-02","Same Day"
2205,"2017-09-27","Standard Class"
2206,"2014-12-18","Second Class"
2207,"2015-05-02","Second Class"
2208,"2014-08-05","First Class"
2209,"2017-08-22","Standard Class"
2210,"2016-08-12","Same Day"
2211,"2016-11-14","Standard Class"
2212,"2017-12-26","Same Day"
2213,"2016-11-17","Standard Class"
2214,"2017-06-13","Second Class"
2215,"2017-05-24","Standard Class"
2216,"2016-01-03","Standard Class"
2217,"2015-05-13","Standard Class"
2218,"2015-10-07","Standard Class"
2219,"2015-11-30","Standard Class"
2220,"2017-06-05","Standard Class"
2221,"2014-07-02","Standard Class"
2222,"2016-11-04","Standard Class"
2223,"2014-12-26","Standard Class"
2224,"2015-07-12","Standard Class"
2225,"2016-04-27","Standard Class"
2226,"2015-11-10","Standard Class"
2227,"2017-10-23","Standard Class"
2228,"2017-08-20","Standard Class"
2229,"2016-08-05","Standard Class"
2230,"2017-06-02","Standard Class"
2231,"2014-07-24","First Class"
2232,"2014-12-08","First Class"
2233,"2016-12-07","First Class"
2234,"2016-09-19","Standard Class"
2235,"2016-06-30","Standard Class"
2236,"2015-12-09","First Class"
2237,"2014-06-30","Same Day"
2238,"2017-02-14","Second Class"
2239,"2015-11-05","First Class"
2240,"2017-07-31","Second Class"
2241,"2014-10-24","Standard Class"
2242,"2015-09-14","Standard Class"
2243,"2016-10-31","Standard Class"
2244,"2016-03-28","Second Class"
2245,"2017-10-28","Standard Class"
2246,"2017-12-07","Second Class"
2247,"2015-04-11","Standard Class"
2248,"2014-12-30","First Class"
2249,"2015-04-25","Standard Class"
2250,"2017-06-04","Standard Class"
2251,"2017-09-19","Same Day"
2252,"2015-01-24","Standard Class"
2253,"2015-01-03","First Class"
2254,"2015-09-12","Standard Class"
2255,"2016-11-16","Standard Class"
2256,"2014-09-13","Same Day"
2257,"2015-10-25","Same Day"
2258,"2014-05-08","First Class"
2259,"2016-12-05","First Class"
2260,"2017-09-14","Standard Class"
2261,"2015-07-02","First Class"
2262,"2014-08-23","Standard Class"
2263,"2015-08-15","First Class"
2264,"2015-07-28","Standard Class"
2265,"2014-09-16","First Class"
2266,"2015-12-20","First Class"
2267,"2017-02-26","Standard Class"
2268,"2016-12-28","First Class"
2269,"2017-06-30","Standard Class"
2270,"2014-11-03","First Class"
2271,"2015-04-21","Standard Class"
2272,"2017-09-01","First Class"
2273,"2017-06-20","Standard Class"
2274,"2014-09-19","First Class"
2275,"2015-07-11","Standard Class"
2276,"2016-03-13","Standard Class"
2277,"2017-11-21","Same Day"
2278,"2017-07-09","First Class"
2279,"2015-12-24","Standard Class"
2280,"2017-04-24","Standard Class"
2281,"2015-07-03","Second Class"
2282,"2017-11-10","Same Day"
2283,"2015-09-26","Standard Class"
2284,"2015-11-27","Standard Class"
2285,"2016-06-19","Second Class"
2286,"2014-08-18","First Class"
2287,"2014-12-06","Standard Class"
2288,"2014-05-04","Same Day"
2289,"2016-12-17","Second Class"
2290,"2017-01-16","Standard Class"
2291,"2016-01-11","Standard Class"
2292,"2016-11-18","Standard Class"
2293,"2014-02-08","Standard Class"
2294,"2014-11-03","Same Day"
2295,"2016-02-07","Standard Class"
2296,"2015-05-26","Second Class"
2297,"2014-06-14","Standard Class"
2298,"2017-07-12","Standard Class"
2299,"2015-01-01","Second Class"
2300,"2014-03-17","Standard Class"
2301,"2015-05-27","Standard Class"
2302,"2015-11-10","Second Class"
2303,"2017-11-27","First Class"
2304,"2014-01-18","Second Class"
2305,"2014-12-20","Same Day"
2306,"2017-12-04","Second Class"
2307,"2014-09-13","First Class"
2308,"2015-05-06","First Class"
2309,"2017-08-11","Second Class"
2310,"2018-01-05","Standard Class"
2311,"2014-07-07","First Class"
2312,"2016-06-01","Second Class"
2313,"2014-09-05","Second Class"
2314,"2015-06-19","First Class"
2315,"2014-11-05","Second Class"
2316,"2014-10-16","Second Class"
2317,"2017-12-02","Standard Class"
2318,"2016-10-01","Same Day"
2319,"2017-04-17","First Class"
2320,"2014-11-07","Standard Class"
2321,"2017-05-12","Standard Class"
2322,"2017-10-01","Standard Class"
2323,"2017-10-12","Same Day"
2324,"2015-11-21","Standard Class"
2325,"2016-10-20","First Class"
2326,"2014-07-14","Standard Class"
2327,"2015-12-08","Standard Class"
2328,"2017-11-06","Second Class"
2329,"2014-04-27","Standard Class"
2330,"2016-12-17","First Class"
2331,"2014-06-13","Standard Class"
2332,"2014-10-07","Standard Class"
2333,"2017-10-22","Same Day"
2334,"2014-09-20","Standard Class"
2335,"2015-11-14","Standard Class"
2336,"2018-01-02","Second Class"
2337,"2015-07-29","Standard Class"
2338,"2016-06-16","Second Class"
2339,"2016-10-09","First Class"
2340,"2017-06-20","Second Class"
2341,"2015-07-25","Second Class"
2342,"2015-04-09","First Class"
2343,"2016-06-25","Standard Class"
2344,"2016-09-27","Standard Class"
2345,"2017-07-27","First Class"
2346,"2016-06-15","Second Class"
2347,"2017-10-16","Standard Class"
2348,"2016-05-27","Standard Class"
2349,"2016-08-28","Second Class"
2350,"2018-01-01","Standard Class"
2351,"2017-05-12","Second Class"
2352,"2015-03-03","Second Class"
2353,"2016-03-21","Second Class"
2354,"2014-07-06","Standard Class"
2355,"2016-09-02","Same Day"
2356,"2017-10-24","First Class"
2357,"2017-09-22","Second Class"
2358,"2016-12-23","Standard Class"
2359,"2015-03-01","Standard Class"
2360,"2016-01-12","Standard Class"
2361,"2015-09-15","Second Class"
2362,"2016-03-08","Same Day"
2363,"2015-12-19","First Class"
2364,"2016-12-10","First Class"
2365,"2016-12-29","Standard Class"
2366,"2015-10-26","Second Class"
2367,"2015-10-28","Standard Class"
2368,"2016-08-07","First Class"
2369,"2015-04-07","First Class"
2370,"2016-01-04","Standard Class"
2371,"2015-05-12","Standard Class"
2372,"2017-09-17","First Class"
2373,"2014-04-06","Second Class"
2374,"2017-03-25","Same Day"
2375,"2016-11-30","Standard Class"
2376,"2015-04-05","Standard Class"
2377,"2014-10-03","Same Day"
2378,"2017-10-10","Standard Class"
2379,"2014-04-07","Same Day"
2380,"2017-12-04","Standard Class"
2381,"2015-09-23","First Class"
2382,"2017-08-18","Standard Class"
2383,"2016-01-27","First Class"
2384,"2014-07-28","Standard Class"
2385,"2016-04-03","Second Class"
2386,"2014-01-21","Second Class"
2387,"2017-01-03","Standard Class"
2388,"2017-07-24","First Class"
2389,"2017-12-14","Standard Class"
2390,"2016-05-17","Standard Class"
2391,"2017-10-31","Second Class"
2392,"2017-11-04","Standard Class"
2393,"2017-03-17","Second Class"
2394,"2016-08-31","Standard Class"
2395,"2017-07-29","Standard Class"
2396,"2017-02-01","First Class"
2397,"2015-07-30","Standard Class"
2398,"2015-06-02","Second Class"
2399,"2015-11-02","Second Class"
2400,"2016-08-18","Standard Class"
2401,"2017-07-05","First Class"
2402,"2017-08-21","Second Class"
2403,"2016-02-05","Same Day"
2404,"2015-01-12","Standard Class"
2405,"2016-11-08","First Class"
2406,"2014-10-23","Second Class"
2407,"2014-10-10","Same Day"
2408,"2015-11-06","Standard Class"
2409,"2015-08-12","First Class"
2410,"2017-06-29","Second Class"
2411,"2015-07-16","Same Day"
2412,"2017-11-24","First Class"
2413,"2016-03-08","Second Class"
2414,"2017-07-28","Standard Class"
2415,"2014-09-04","First Class"
2416,"2016-08-15","Standard Class"
2417,"2016-06-26","Same Day"
2418,"2014-06-15","Same Day"
2419,"2017-07-16","Standard Class"
2420,"2017-09-21","First Class"
2421,"2016-04-21","Second Class"
2422,"2015-06-19","Same Day"
2423,"2016-07-16","Standard Class"
2424,"2014-11-08","Standard Class"
2425,"2015-03-02","First Class"
2426,"2014-11-11","Standard Class"
2427,"2014-05-02","First Class"
2428,"2015-04-17","Standard Class"
2429,"2016-10-03","First Class"
2430,"2016-10-11","Standard Class"
2431,"2014-09-14","Same Day"
2432,"2016-12-30","Standard Class"
2433,"2015-07-21","First Class"
2434,"2014-10-13","First Class"
2435,"2014-12-07","First Class"
2436,"2017-04-10","Standard Class"
2437,"2016-11-29","Standard Class"
2438,"2016-08-19","First Class"
2439,"2015-01-15","Standard Class"
2440,"2014-02-15","Second Class"
2441,"2017-06-26","Standard Class"
2442,"2017-05-01","Standard Class"
2443,"2017-01-04","First Class"
2444,"2015-09-15","First Class"
2445,"2015-03-23","First Class"
2446,"2014-03-30","Second Class"
2447,"2017-05-25","First Class"
2448,"2017-12-21","Second Class"
2449,"2016-02-15","Standard Class"
2450,"2016-03-17","First Class"
2451,"2015-03-10","First Class"
2452,"2017-01-05","Standard Class"
2453,"2015-02-08","First Class"
2454,"2016-09-26","Same Day"
2455,"2016-05-02","Same Day"
2456,"2016-05-07","Second Class"
2457,"2017-12-09","Standard Class"
2458,"2015-04-17","Second Class"
2459,"2014-05-27","Standard Class"
2460,"2015-09-19","Second Class"
2461,"2015-06-10","Standard Class"
2462,"2017-03-22","Standard Class"
2463,"2015-09-27","Standard Class"
2464,"2016-06-26","Standard Class"
2465,"2015-12-18","Same Day"
2466,"2014-08-28","Second Class"
2467,"2014-11-13","Second Class"
2468,"2015-02-11","Standard Class"
2469,"2016-03-18","Standard Class"
2470,"2015-02-05","Second Class"
2471,"2017-07-18","Standard Class"
2472,"2016-08-24","Second Class"
2473,"2015-07-24","Standard Class"
2474,"2017-01-30","Standard Class"
2475,"2015-06-05","Second Class"
2476,"2016-07-01","Standard Class"
2477,"2017-08-04","Standard Class"
2478,"2015-12-11","Second Class"
2479,"2017-02-15","Standard Class"
2480,"2017-12-12","Standard Class"
2481,"2017-09-03","Standard Class"
2482,"2014-07-18","Standard Class"
2483,"2015-01-23","Standard Class"
2484,"2015-08-26","First Class"
2485,"2016-07-02","Second Class"
2486,"2017-05-11","First Class"
2487,"2015-07-20","First Class"
2488,"2017-12-25","Second Class"
2489,"2017-12-29","Standard Class"
2490,"2016-08-13","Same Day"
2491,"2015-05-06","Standard Class"
2492,"2017-08-06","Second Class"
2493,"2014-09-21","Standard Class"
2494,"2017-09-23","Standard Class"
2495,"2015-07-27","Second Class"
2496,"2014-11-26","First Class"
2497,"2016-05-06","Standard Class"
2498,"2015-11-29","Second Class"
2499,"2014-08-05","Standard Class"
2500,"2015-07-14","Standard Class"
2501,"2014-09-29","Standard Class"
2502,"2016-12-24","Second Class"
2503,"2014-06-23","Second Class"
2504,"2016-07-14","Standard Class"
2505,"2016-04-01","First Class"
2506,"2015-11-24","Standard Class"
2507,"2017-08-16","Same Day"
2508,"2017-12-31","Second Class"
2509,"2017-04-12","Standard Class"
2510,"2014-01-27","Standard Class"
2511,"2015-08-06","Standard Class"
2512,"2014-12-29","Standard Class"
2513,"2017-09-24","Standard Class"
2514,"2014-05-15","First Class"
2515,"2014-09-02","Second Class"
2516,"2015-01-18","Standard Class"
2517,"2017-04-05","First Class"
2518,"2014-08-11","Second Class"
2519,"2015-12-07","Same Day"
2520,"2015-09-02","First Class"
2521,"2016-03-06","First Class"
2522,"2016-12-26","Second Class"
2523,"2014-09-01","Second Class"
2524,"2014-11-23","Second Class"
2525,"2017-09-24","Second Class"
2526,"2017-10-26","First Class"
2527,"2015-04-22","Standard Class"
2528,"2017-04-21","First Class"
2529,"2015-10-24","Second Class"
2530,"2017-05-06","Standard Class"
2531,"2016-05-20","First Class"
2532,"2017-01-23","Standard Class"
2533,"2015-03-24","Standard Class"
2534,"2014-04-17","Standard Class"
2535,"2014-05-20","Standard Class"
2536,"2014-07-24","Second Class"
2537,"2016-06-15","Standard Class"
2538,"2015-05-04","Standard Class"
2539,"2017-12-13","Standard Class"
2540,"2017-07-05","Standard Class"
2541,"2017-06-14","First Class"
2542,"2014-05-29","First Class"
2543,"2015-12-23","Standard Class"
2544,"2016-12-19","First Class"
2545,"2014-01-29","First Class"
2546,"2014-10-19","Second Class"
2547,"2014-11-21","Standard Class"
2548,"2017-01-02","First Class"
2549,"2016-11-09","First Class"
2550,"2016-07-01","Same Day"
2551,"2018-01-03","Standard Class"
2552,"2014-06-01","First Class"
2553,"2014-09-14","Standard Class"
2554,"2014-02-15","Standard Class"
2555,"2015-04-28","Standard Class"
2556,"2017-08-21","Same Day"
2557,"2014-11-23","Standard Class"
2558,"2016-07-22","Standard Class"
2559,"2016-05-04","Standard Class"
2560,"2017-12-30","Standard Class"
2561,"2016-05-15","Standard Class"
2562,"2014-08-25","Standard Class"
2563,"2014-11-14","Second Class"
2564,"2015-07-02","Standard Class"
2565,"2017-05-07","Standard Class"
2566,"2016-12-10","Second Class"
2567,"2017-04-23","First Class"
2568,"2016-03-20","Standard Class"
2569,"2015-12-21","First Class"
2570,"2017-11-27","Second Class"
2571,"2014-07-16","Standard Class"
2572,"2017-09-14","Second Class"
2573,"2017-11-22","Second Class"
2574,"2014-06-20","Second Class"
2575,"2014-07-24","Standard Class"
2576,"2016-09-21","Standard Class"
2577,"2014-06-22","Same Day"
2578,"2015-11-02","First Class"
2579,"2016-03-31","Second Class"
2580,"2014-01-13","Standard Class"
2581,"2017-11-22","First Class"
2582,"2017-10-18","First Class"
2583,"2015-09-04","Second Class"
2584,"2017-09-17","Standard Class"
2585,"2016-12-09","Standard Class"
2586,"2015-11-09","Standard Class"
2587,"2017-03-14","Standard Class"
2588,"2016-03-04","Standard Class"
2589,"2017-04-02","Standard Class"
2590,"2014-08-06","Standard Class"
2591,"2017-03-16","First Class"
2592,"2016-08-20","Second Class"
2593,"2017-12-01","Standard Class"
2594,"2016-11-06","Standard Class"
2595,"2017-11-09","Second Class"
2596,"2017-03-22","Second Class"
2597,"2017-06-16","First Class"
2598,"2016-01-17","First Class"
2599,"2017-02-19","Standard Class"
2600,"2017-04-02","Second Class"
2601,"2017-02-20","First Class"
2602,"2016-11-10","Second Class"
2603,"2014-11-25","Standard Class"
2604,"2017-03-11","First Class"
2605,"2014-01-08","Second Class"
2606,"2015-06-29","Standard Class"
2607,"2014-04-23","Standard Class"
2608,"2014-03-20","Second Class"
